PRICE , TIME 
2400.0,09:07:35
2400.0,09:07:40
2400.0,09:07:45
2400.0,09:07:50
2400.0,09:07:55
2400.0,09:08:00
2400.0,09:08:05
2400.0,09:08:11
2400.0,09:08:16
2400.0,09:08:21
2400.0,09:08:26
2400.0,09:08:31
2400.0,09:08:37
2400.0,09:08:42
2400.0,09:08:47
2400.0,09:08:52
2400.0,09:08:57
2400.0,09:09:03
2400.0,09:09:08
2400.0,09:09:13
2400.0,09:09:18
2400.0,09:09:23
2400.0,09:09:28
2400.0,09:09:33
2400.0,09:09:39
2400.0,09:09:44
2400.0,09:09:49
2400.0,09:09:54
2400.0,09:09:59
2400.0,09:10:04
2400.0,09:10:10
2400.0,09:10:15
2400.0,09:10:20
2400.0,09:10:25
2400.0,09:10:30
2400.0,09:10:35
2400.0,09:10:40
2400.0,09:10:46
2400.0,09:10:51
2400.0,09:10:56
2400.0,09:11:01
2400.0,09:11:06
2400.0,09:11:11
2400.0,09:11:16
2400.0,09:11:22
2400.0,09:11:27
2400.0,09:11:32
2400.0,09:11:37
2400.0,09:11:42
2400.0,09:11:47
2400.0,09:11:53
2400.0,09:11:58
2400.0,09:12:03
2400.0,09:12:08
2400.0,09:12:13
2400.0,09:12:19
2400.0,09:12:24
2400.0,09:12:29
2400.0,09:12:34
2400.0,09:12:39
2400.0,09:12:45
2400.0,09:12:50
2400.0,09:12:55
2400.0,09:13:00
2400.0,09:13:05
2400.0,09:13:10
2400.0,09:13:16
2400.0,09:13:21
2400.0,09:13:26
2400.0,09:13:31
2400.0,09:13:36
2400.0,09:13:42
2400.0,09:13:47
2400.0,09:13:52
2400.0,09:13:57
2400.0,09:14:02
2400.0,09:14:08
2400.0,09:14:13
2400.0,09:14:18
2400.0,09:14:23
2400.0,09:14:28
2400.0,09:14:34
2400.0,09:14:39
2400.0,09:14:44
2400.0,09:14:49
2400.0,09:14:54
2400.0,09:14:59
2400.0,09:15:05
2400.0,09:15:10
2400.0,09:15:15
2400.0,09:15:20
2400.0,09:15:25
2400.0,09:15:31
2400.0,09:15:36
2400.0,09:15:41
2400.0,09:15:46
2400.0,09:15:51
2400.0,09:15:57
2400.0,09:16:02
2400.0,09:16:07
2400.0,09:16:12
2400.0,09:16:17
2400.0,09:16:23
2400.0,09:16:28
2400.0,09:16:33
2400.0,09:16:38
2400.0,09:16:43
2400.0,09:16:49
2400.0,09:16:54
2400.0,09:16:59
2400.0,09:17:04
2400.0,09:17:09
2404.1,09:17:15
2404.1,09:17:20
2404.1,09:17:25
2404.1,09:17:30
2404.1,09:17:35
2404.1,09:17:41
2404.1,09:17:46
2404.1,09:17:51
2404.1,09:17:56
2404.1,09:18:01
2404.1,09:18:06
2404.1,09:18:12
2404.1,09:18:17
2404.1,09:18:22
2404.1,09:18:27
2404.1,09:18:33
2404.1,09:18:38
2404.1,09:18:43
2404.1,09:18:48
2404.1,09:18:53
2404.1,09:18:59
2404.1,09:19:04
2404.1,09:19:09
2404.1,09:19:14
2406.4,09:19:19
2406.4,09:19:25
2406.4,09:19:30
2406.4,09:19:35
2406.4,09:19:40
2406.4,09:19:45
2406.4,09:19:51
2406.4,09:19:56
2406.4,09:20:01
2406.4,09:20:06
2406.4,09:20:11
2406.4,09:20:17
2406.4,09:20:22
2406.4,09:20:27
2406.4,09:20:32
2406.4,09:20:37
2406.4,09:20:43
2406.4,09:20:48
2406.4,09:20:53
2406.4,09:20:58
2406.4,09:21:03
2406.4,09:21:09
2406.4,09:21:14
2406.4,09:21:19
2407.25,09:21:24
2407.25,09:21:29
2407.25,09:21:35
2407.25,09:21:40
2407.25,09:21:45
2407.25,09:21:50
2407.25,09:21:55
2407.25,09:22:01
2407.25,09:22:06
2407.25,09:22:11
2407.25,09:22:16
2407.25,09:22:21
2407.25,09:22:26
2407.25,09:22:32
2407.25,09:22:37
2407.25,09:22:42
2407.25,09:22:47
2407.25,09:22:53
2407.25,09:22:58
2408.5,09:23:03
2408.5,09:23:08
2408.5,09:23:13
2408.5,09:23:19
2408.5,09:23:24
2408.5,09:23:29
2408.5,09:23:34
2406.05,09:23:39
2406.05,09:23:45
2406.05,09:23:50
2406.05,09:23:55
2406.05,09:24:00
2406.05,09:24:05
2406.05,09:24:10
2406.05,09:24:16
2406.05,09:24:21
2406.05,09:24:26
2406.05,09:24:31
2406.05,09:24:36
2406.05,09:24:42
2406.05,09:24:47
2406.05,09:24:53
2406.05,09:24:58
2406.05,09:25:03
2406.05,09:25:09
2406.05,09:25:14
2406.05,09:25:19
2406.05,09:25:24
2406.05,09:25:30
2406.05,09:25:35
2406.05,09:25:40
2406.4,09:25:45
2406.4,09:25:51
2406.4,09:25:56
2406.4,09:26:01
2406.4,09:26:06
2406.4,09:26:11
2406.4,09:26:17
2406.4,09:26:22
2406.4,09:26:27
2406.4,09:26:32
2406.4,09:26:37
2406.4,09:26:43
2406.4,09:26:48
2406.4,09:26:53
2406.4,09:26:58
2406.4,09:27:03
2406.4,09:27:08
2406.4,09:27:14
2406.4,09:27:19
2406.4,09:27:24
2406.4,09:27:29
2406.0,09:27:35
2406.0,09:27:40
2406.0,09:27:45
2406.0,09:27:50
2406.0,09:27:55
2406.0,09:28:00
2406.0,09:28:06
2406.0,09:28:11
2406.0,09:28:16
2406.0,09:28:21
2406.0,09:28:26
2406.0,09:28:32
2406.0,09:28:37
2406.0,09:28:42
2406.0,09:28:47
2406.0,09:28:52
2406.0,09:28:58
2406.0,09:29:03
2406.0,09:29:08
2406.0,09:29:13
2406.0,09:29:18
2406.0,09:29:23
2402.6,09:29:29
2402.6,09:29:34
2402.6,09:29:39
2402.6,09:29:44
2402.6,09:29:49
2402.6,09:29:55
2402.6,09:30:00
2402.6,09:30:05
2402.6,09:30:10
2402.6,09:30:15
2402.6,09:30:21
2402.6,09:30:26
2402.6,09:30:31
2402.6,09:30:36
2402.6,09:30:41
2402.6,09:30:46
2402.6,09:30:52
2402.6,09:30:57
2402.6,09:31:02
2402.6,09:31:07
2405.15,09:31:12
2405.15,09:31:18
2405.15,09:31:23
2405.15,09:31:28
2405.15,09:31:33
2405.15,09:31:38
2405.15,09:31:44
2405.15,09:31:49
2405.15,09:31:54
2405.15,09:31:59
2405.15,09:32:04
2405.15,09:32:09
2405.15,09:32:15
2405.15,09:32:20
2405.15,09:32:25
2405.15,09:32:30
2405.15,09:32:35
2405.15,09:32:41
2405.15,09:32:46
2405.15,09:32:51
2405.15,09:32:56
2405.15,09:33:01
2405.0,09:33:07
2405.0,09:33:12
2405.0,09:33:17
2405.0,09:33:22
2405.0,09:33:27
2405.0,09:33:33
2405.0,09:33:38
2405.0,09:33:43
2405.0,09:33:48
2405.0,09:33:53
2405.0,09:33:58
2405.0,09:34:04
2405.0,09:34:09
2405.0,09:34:14
2405.0,09:34:19
2405.0,09:34:24
2405.0,09:34:30
2405.0,09:34:35
2405.0,09:34:40
2405.0,09:34:45
2405.0,09:34:50
2405.0,09:34:55
2405.0,09:35:01
2405.0,09:35:06
2405.0,09:35:11
2405.0,09:35:16
2405.0,09:35:21
2405.0,09:35:27
2405.0,09:35:32
2405.0,09:35:37
2405.0,09:35:42
2405.0,09:35:47
2404.85,09:35:53
2404.85,09:35:58
2404.85,09:36:03
2404.85,09:36:08
2404.85,09:36:13
2404.85,09:36:19
2404.85,09:36:24
2404.85,09:36:29
2404.85,09:36:34
2404.85,09:36:39
2404.85,09:36:44
2404.85,09:36:50
2404.85,09:36:55
2404.85,09:37:00
2404.85,09:37:05
2404.85,09:37:10
2404.85,09:37:16
2404.85,09:37:21
2404.85,09:37:26
2404.85,09:37:31
2404.35,09:37:36
2404.35,09:37:41
2404.35,09:37:47
2404.35,09:37:52
2404.35,09:37:57
2404.35,09:38:02
2404.35,09:38:07
2404.35,09:38:13
2404.35,09:38:18
2404.35,09:38:23
2404.35,09:38:28
2404.35,09:38:33
2404.35,09:38:38
2404.35,09:38:44
2404.35,09:38:49
2404.35,09:38:54
2404.35,09:38:59
2404.35,09:39:04
2404.35,09:39:10
2404.35,09:39:15
2404.35,09:39:20
2399.0,09:39:25
2399.0,09:39:30
2399.0,09:39:36
2399.0,09:39:41
2399.0,09:39:46
2399.0,09:39:51
2399.0,09:39:56
2399.0,09:40:01
2399.0,09:40:07
2399.0,09:40:12
2399.0,09:40:17
2399.0,09:40:22
2399.0,09:40:27
2399.0,09:40:33
2399.0,09:40:38
2399.0,09:40:43
2399.0,09:40:48
2399.0,09:40:53
2399.0,09:40:58
2399.0,09:41:04
2400.55,09:41:09
2400.55,09:41:14
2400.55,09:41:19
2400.55,09:41:24
2400.55,09:41:29
2400.55,09:41:35
2400.55,09:41:40
2400.55,09:41:45
2400.55,09:41:50
2400.55,09:41:55
2400.55,09:42:00
2400.55,09:42:06
2400.55,09:42:11
2400.55,09:42:16
2400.55,09:42:21
2400.55,09:42:26
2400.55,09:42:31
2400.55,09:42:37
2400.55,09:42:42
2400.55,09:42:47
2400.55,09:42:52
2400.55,09:42:57
2400.55,09:43:02
2400.55,09:43:08
2400.55,09:43:13
2401.3,09:43:18
2401.3,09:43:23
2401.3,09:43:28
2401.3,09:43:33
2401.3,09:43:39
2401.3,09:43:44
2401.3,09:43:49
2401.3,09:43:54
2401.3,09:43:59
2401.3,09:44:04
2401.3,09:44:10
2401.3,09:44:15
2401.3,09:44:20
2401.3,09:44:25
2401.3,09:44:30
2401.3,09:44:35
2401.3,09:44:41
2401.3,09:44:46
2401.3,09:44:51
2401.3,09:44:56
2401.3,09:45:01
2401.3,09:45:06
2400.45,09:45:12
2400.45,09:45:17
2400.45,09:45:22
2400.45,09:45:27
2400.45,09:45:32
2400.45,09:45:38
2400.45,09:45:43
2400.45,09:45:48
2400.45,09:45:53
2400.45,09:45:58
2400.45,09:46:04
2400.45,09:46:09
2400.45,09:46:14
2400.45,09:46:19
2400.45,09:46:24
2400.45,09:46:30
2400.45,09:46:35
2400.45,09:46:40
2400.45,09:46:45
2400.45,09:46:50
2400.45,09:46:56
2400.45,09:47:01
2400.45,09:47:06
2405.0,09:47:11
2405.0,09:47:16
2405.0,09:47:22
2405.0,09:47:27
2405.0,09:47:32
2405.0,09:47:37
2405.0,09:47:42
2405.0,09:47:47
2405.0,09:47:53
2405.0,09:47:58
2405.0,09:48:03
2405.0,09:48:08
2405.0,09:48:14
2405.0,09:48:19
2405.0,09:48:24
2405.0,09:48:29
2405.0,09:48:34
2405.0,09:48:39
2405.0,09:48:45
2405.0,09:48:50
2405.0,09:48:55
2405.0,09:49:00
2405.0,09:49:05
2405.0,09:49:11
2403.55,09:49:16
2403.55,09:49:21
2403.55,09:49:26
2403.55,09:49:31
2403.55,09:49:37
2403.55,09:49:42
2403.55,09:49:47
2403.55,09:49:52
2403.55,09:49:57
2403.55,09:50:02
2403.55,09:50:08
2403.55,09:50:13
2403.55,09:50:18
2403.55,09:50:23
2403.55,09:50:28
2403.55,09:50:34
2403.55,09:50:39
2403.55,09:50:44
2408.4,09:50:49
2408.4,09:50:54
2408.4,09:51:00
2408.4,09:51:05
2408.4,09:51:10
2407.0,09:51:15
2407.0,09:51:20
2407.0,09:51:26
2407.0,09:51:31
2407.0,09:51:36
2407.0,09:51:41
2407.0,09:51:46
2407.0,09:51:51
2407.0,09:51:57
2407.0,09:52:02
2407.0,09:52:07
2407.0,09:52:12
2407.0,09:52:17
2407.0,09:52:23
2407.0,09:52:28
2407.0,09:52:33
2407.0,09:52:38
2407.0,09:52:43
2407.0,09:52:49
2407.0,09:52:54
2421.9,09:52:59
2421.9,09:53:04
2421.9,09:53:09
2421.9,09:53:15
2421.9,09:53:20
2421.9,09:53:25
2421.9,09:53:30
2421.9,09:53:35
2421.9,09:53:40
2421.9,09:53:46
2421.9,09:53:51
2421.9,09:53:56
2421.9,09:54:01
2421.9,09:54:06
2421.9,09:54:12
2421.9,09:54:17
2421.9,09:54:22
2421.9,09:54:27
2421.9,09:54:32
2421.9,09:54:38
2421.9,09:54:43
2421.9,09:54:48
2421.9,09:54:53
2421.1,09:54:58
2421.1,09:55:03
2421.1,09:55:09
2421.1,09:55:15
2421.1,09:55:20
2421.1,09:55:25
2421.1,09:55:30
2421.1,09:55:35
2421.1,09:55:41
2421.1,09:55:46
2421.1,09:55:51
2421.1,09:55:56
2421.1,09:56:01
2421.1,09:56:07
2421.1,09:56:12
2421.1,09:56:17
2421.1,09:56:22
2421.1,09:56:27
2421.1,09:56:33
2421.1,09:56:38
2421.1,09:56:43
2421.1,09:56:48
2421.1,09:56:53
2421.1,09:56:59
2426.35,09:57:04
2426.35,09:57:09
2426.35,09:57:14
2426.35,09:57:19
2426.35,09:57:25
2426.35,09:57:30
2426.35,09:57:35
2426.35,09:57:40
2426.35,09:57:45
2426.35,09:57:51
2426.35,09:57:56
2426.35,09:58:01
2426.35,09:58:06
2426.35,09:58:11
2426.35,09:58:16
2426.35,09:58:22
2426.35,09:58:27
2426.35,09:58:32
2426.35,09:58:37
2426.35,09:58:43
2426.35,09:58:49
2426.35,09:58:54
2426.35,09:58:59
2422.9,09:59:04
2422.9,09:59:09
2422.9,09:59:14
2422.9,09:59:20
2422.9,09:59:25
2422.9,09:59:30
2422.9,09:59:35
2422.9,09:59:40
2422.9,09:59:46
2422.9,09:59:51
2422.9,09:59:56
2422.9,10:00:01
2422.9,10:00:06
2422.9,10:00:11
2422.9,10:00:17
2422.9,10:00:22
2422.9,10:00:27
2422.9,10:00:32
2422.9,10:00:37
2422.9,10:00:42
2422.9,10:00:48
2424.4,10:00:53
2424.4,10:00:58
2424.4,10:01:03
2424.4,10:01:08
2424.4,10:01:14
2424.4,10:01:19
2424.4,10:01:24
2424.4,10:01:29
2424.4,10:01:34
2424.4,10:01:39
2424.4,10:01:45
2424.4,10:01:50
2424.4,10:01:55
2424.4,10:02:00
2424.4,10:02:05
2424.4,10:02:10
2424.4,10:02:16
2424.4,10:02:21
2424.4,10:02:26
2424.4,10:02:31
2424.4,10:02:36
2424.4,10:02:41
2424.4,10:02:47
2426.9,10:02:52
2426.9,10:02:57
2426.9,10:03:02
2426.9,10:03:07
2426.9,10:03:13
2426.9,10:03:18
2426.9,10:03:23
2426.9,10:03:28
2426.9,10:03:33
2426.9,10:03:38
2426.9,10:03:44
2426.9,10:03:49
2426.9,10:03:54
2426.9,10:03:59
2426.9,10:04:04
2426.9,10:04:09
2426.9,10:04:15
2426.9,10:04:20
2426.9,10:04:25
2426.9,10:04:30
2426.9,10:04:35
2426.0,10:04:40
2426.0,10:04:46
2426.0,10:04:51
2426.0,10:04:56
2426.0,10:05:01
2426.0,10:05:06
2426.0,10:05:12
2426.0,10:05:17
2426.0,10:05:22
2426.0,10:05:27
2426.0,10:05:32
2426.0,10:05:37
2426.0,10:05:43
2426.0,10:05:48
2426.0,10:05:53
2426.0,10:05:58
2426.0,10:06:03
2426.0,10:06:08
2426.0,10:06:14
2426.0,10:06:19
2426.0,10:06:24
2426.25,10:06:29
2426.25,10:06:34
2426.25,10:06:39
2426.25,10:06:45
2424.65,10:06:50
2424.65,10:06:55
2424.65,10:07:00
2424.65,10:07:05
2424.65,10:07:11
2424.65,10:07:16
2424.65,10:07:21
2424.65,10:07:26
2424.65,10:07:31
2424.65,10:07:36
2424.65,10:07:42
2424.65,10:07:47
2424.65,10:07:52
2424.65,10:07:57
2424.65,10:08:02
2424.65,10:08:08
2424.65,10:08:13
2424.65,10:08:18
2424.65,10:08:23
2424.65,10:08:28
2424.65,10:08:34
2424.65,10:08:39
2424.65,10:08:44
2429.35,10:08:49
2429.35,10:08:55
2429.35,10:09:00
2429.35,10:09:05
2429.35,10:09:10
2429.35,10:09:15
2429.35,10:09:21
2429.35,10:09:26
2429.35,10:09:31
2429.35,10:09:36
2429.35,10:09:41
2429.35,10:09:46
2429.35,10:09:52
2429.35,10:09:57
2429.35,10:10:02
2429.35,10:10:07
2429.35,10:10:12
2429.35,10:10:18
2429.35,10:10:23
2429.35,10:10:28
2429.35,10:10:33
2429.35,10:10:38
2429.35,10:10:43
2429.35,10:10:49
2435.2,10:10:54
2435.2,10:10:59
2435.2,10:11:04
2435.2,10:11:09
2435.2,10:11:14
2435.2,10:11:20
2435.2,10:11:25
2435.2,10:11:30
2435.2,10:11:35
2435.2,10:11:40
2435.2,10:11:45
2435.2,10:11:51
2435.2,10:11:56
2435.2,10:12:01
2435.2,10:12:06
2435.2,10:12:11
2435.2,10:12:17
2435.2,10:12:22
2435.2,10:12:27
2435.2,10:12:32
2435.2,10:12:37
2433.8,10:12:43
2433.8,10:12:48
2433.8,10:12:53
2433.8,10:12:58
2433.8,10:13:03
2433.8,10:13:08
2433.8,10:13:14
2433.8,10:13:19
2433.8,10:13:24
2433.8,10:13:29
2433.8,10:13:34
2433.8,10:13:40
2433.8,10:13:45
2433.8,10:13:50
2433.8,10:13:55
2433.8,10:14:00
2433.8,10:14:05
2433.8,10:14:11
2433.8,10:14:16
2433.8,10:14:21
2433.8,10:14:26
2433.8,10:14:31
2438.4,10:14:36
2438.4,10:14:42
2438.4,10:14:47
2438.4,10:14:52
2438.4,10:14:57
2438.4,10:15:02
2438.4,10:15:07
2438.4,10:15:13
2438.4,10:15:18
2438.4,10:15:23
2438.4,10:15:28
2438.4,10:15:33
2438.4,10:15:39
2438.4,10:15:44
2438.4,10:15:49
2438.4,10:15:54
2438.4,10:15:59
2438.4,10:16:05
2438.4,10:16:10
2438.4,10:16:15
2438.4,10:16:20
2438.4,10:16:25
2438.4,10:16:30
2435.8,10:16:36
2435.8,10:16:41
2435.8,10:16:46
2435.8,10:16:52
2435.8,10:16:57
2435.8,10:17:02
2435.8,10:17:07
2435.8,10:17:12
2435.8,10:17:18
2435.8,10:17:23
2435.8,10:17:28
2435.8,10:17:33
2435.8,10:17:38
2435.8,10:17:44
2435.8,10:17:50
2435.8,10:17:55
2435.8,10:18:00
2435.8,10:18:05
2435.8,10:18:10
2435.8,10:18:16
2435.8,10:18:21
2435.8,10:18:26
2432.15,10:18:31
2432.15,10:18:36
2432.15,10:18:42
2432.15,10:18:47
2432.15,10:18:52
2432.15,10:18:57
2432.15,10:19:02
2432.15,10:19:08
2432.15,10:19:13
2432.15,10:19:18
2432.15,10:19:23
2432.15,10:19:28
2432.15,10:19:33
2432.15,10:19:39
2432.15,10:19:44
2432.15,10:19:49
2432.15,10:19:54
2432.15,10:19:59
2432.15,10:20:05
2432.15,10:20:10
2432.15,10:20:15
2431.7,10:20:20
2431.7,10:20:25
2431.7,10:20:30
2431.7,10:20:36
2431.7,10:20:41
2431.7,10:20:46
2431.7,10:20:51
2431.7,10:20:56
2431.7,10:21:01
2431.7,10:21:07
2431.7,10:21:12
2431.7,10:21:17
2431.7,10:21:22
2431.7,10:21:27
2431.7,10:21:33
2431.7,10:21:38
2431.7,10:21:43
2431.7,10:21:48
2431.7,10:21:53
2431.7,10:21:59
2431.7,10:22:04
2431.7,10:22:09
2431.7,10:22:14
2431.7,10:22:19
2429.95,10:22:24
2429.95,10:22:30
2429.95,10:22:35
2429.95,10:22:40
2429.95,10:22:45
2429.95,10:22:50
2429.95,10:22:55
2429.95,10:23:01
2429.95,10:23:06
2429.95,10:23:11
2429.95,10:23:16
2429.95,10:23:21
2429.95,10:23:27
2429.95,10:23:32
2429.95,10:23:37
2429.95,10:23:42
2429.95,10:23:47
2429.95,10:23:52
2429.95,10:23:58
2429.95,10:24:03
2429.95,10:24:08
2429.95,10:24:13
2432.9,10:24:18
2432.9,10:24:24
2432.9,10:24:29
2432.9,10:24:34
2432.9,10:24:39
2432.9,10:24:45
2432.9,10:24:50
2432.9,10:24:55
2432.9,10:25:00
2432.9,10:25:05
2432.9,10:25:10
2432.9,10:25:16
2432.9,10:25:21
2432.9,10:25:26
2432.9,10:25:31
2432.9,10:25:36
2432.9,10:25:42
2432.9,10:25:47
2432.9,10:25:52
2432.9,10:25:57
2430.6,10:26:02
2430.6,10:26:08
2430.6,10:26:13
2430.6,10:26:18
2430.6,10:26:24
2430.6,10:26:29
2430.6,10:26:35
2430.6,10:26:40
2430.6,10:26:45
2430.6,10:26:50
2430.6,10:26:55
2430.6,10:27:01
2430.6,10:27:06
2430.6,10:27:11
2430.6,10:27:16
2430.6,10:27:21
2430.6,10:27:26
2430.6,10:27:32
2430.6,10:27:37
2430.6,10:27:42
2430.6,10:27:47
2430.8,10:27:52
2430.6,10:27:58
2426.0,10:28:03
2426.0,10:28:08
2426.0,10:28:13
2426.0,10:28:18
2426.0,10:28:24
2426.0,10:28:29
2426.0,10:28:34
2426.0,10:28:39
2426.0,10:28:44
2426.0,10:28:49
2426.0,10:28:55
2426.0,10:29:00
2426.0,10:29:05
2426.0,10:29:10
2426.0,10:29:15
2426.0,10:29:21
2426.0,10:29:26
2426.0,10:29:31
2426.0,10:29:36
2426.0,10:29:41
2426.0,10:29:46
2426.0,10:29:52
2426.0,10:29:57
2426.0,10:30:02
2426.0,10:30:07
2426.0,10:30:12
2426.0,10:30:18
2426.0,10:30:23
2426.0,10:30:28
2426.0,10:30:33
2426.0,10:30:38
2426.0,10:30:44
2426.0,10:30:49
2426.0,10:30:54
2426.0,10:30:59
2426.0,10:31:04
2426.0,10:31:09
2426.0,10:31:15
2426.0,10:31:20
2426.0,10:31:25
2426.0,10:31:30
2424.0,10:31:36
2424.0,10:31:41
2424.0,10:31:46
2424.0,10:31:51
2424.0,10:31:56
2424.0,10:32:01
2424.0,10:32:07
2424.0,10:32:12
2424.0,10:32:17
2424.0,10:32:22
2424.0,10:32:27
2424.0,10:32:33
2424.0,10:32:38
2424.0,10:32:43
2424.0,10:32:48
2424.0,10:32:53
2424.0,10:32:59
2424.0,10:33:04
2424.0,10:33:09
2424.0,10:33:15
2424.0,10:33:20
2424.0,10:33:25
2424.0,10:33:31
2424.0,10:33:36
2424.0,10:33:41
2424.0,10:33:46
2424.0,10:33:51
2424.0,10:33:56
2424.0,10:34:02
2424.0,10:34:07
2424.0,10:34:12
2424.0,10:34:17
2424.0,10:34:23
2424.0,10:34:28
2424.0,10:34:33
2424.0,10:34:38
2424.0,10:34:43
2424.0,10:34:49
2424.0,10:34:54
2424.0,10:34:59
2424.0,10:35:04
2424.0,10:35:09
2424.0,10:35:15
2425.0,10:35:20
2425.0,10:35:25
2425.0,10:35:30
2425.0,10:35:35
2425.0,10:35:40
2425.0,10:35:46
2425.0,10:35:51
2425.0,10:35:56
2425.0,10:36:01
2425.0,10:36:06
2425.0,10:36:12
2425.0,10:36:17
2425.0,10:36:22
2425.0,10:36:27
2425.0,10:36:32
2425.0,10:36:37
2425.0,10:36:43
2425.0,10:36:48
2425.0,10:36:53
2425.0,10:36:58
2425.0,10:37:03
2425.0,10:37:08
2425.0,10:37:14
2425.0,10:37:19
2426.0,10:37:24
2426.0,10:37:29
2426.0,10:37:34
2426.0,10:37:40
2426.0,10:37:45
2426.0,10:37:50
2426.0,10:37:55
2426.0,10:38:00
2426.0,10:38:06
2426.0,10:38:11
2426.0,10:38:16
2426.0,10:38:21
2426.0,10:38:26
2426.0,10:38:31
2426.0,10:38:37
2426.0,10:38:42
2426.0,10:38:47
2426.0,10:38:52
2426.0,10:38:58
2426.0,10:39:04
2426.0,10:39:09
2426.35,10:39:14
2426.35,10:39:19
2426.35,10:39:24
2426.35,10:39:30
2426.35,10:39:35
2426.35,10:39:40
2426.35,10:39:45
2426.35,10:39:50
2426.35,10:39:55
2426.35,10:40:01
2426.35,10:40:06
2426.35,10:40:11
2426.35,10:40:16
2426.35,10:40:21
2426.35,10:40:27
2426.35,10:40:32
2426.35,10:40:37
2426.35,10:40:42
2426.35,10:40:47
2426.35,10:40:53
2429.0,10:40:58
2429.0,10:41:03
2429.0,10:41:08
2429.0,10:41:13
2429.0,10:41:18
2429.0,10:41:24
2429.0,10:41:29
2429.0,10:41:34
2429.0,10:41:39
2429.0,10:41:44
2429.0,10:41:50
2429.0,10:41:55
2429.0,10:42:00
2429.0,10:42:05
2429.0,10:42:10
2429.0,10:42:15
2429.0,10:42:21
2429.0,10:42:26
2429.0,10:42:31
2429.05,10:42:36
2429.05,10:42:41
2427.0,10:42:47
2427.0,10:42:52
2427.0,10:42:57
2427.0,10:43:02
2427.0,10:43:07
2427.0,10:43:13
2427.0,10:43:18
2427.0,10:43:23
2427.0,10:43:28
2427.0,10:43:33
2427.0,10:43:38
2427.0,10:43:44
2427.0,10:43:49
2427.0,10:43:54
2427.0,10:43:59
2427.0,10:44:04
2427.0,10:44:10
2427.0,10:44:15
2427.0,10:44:20
2427.0,10:44:25
2427.0,10:44:30
2427.0,10:44:35
2425.85,10:44:41
2425.85,10:44:46
2425.85,10:44:51
2425.85,10:44:56
2425.85,10:45:02
2425.85,10:45:07
2425.85,10:45:12
2425.85,10:45:17
2425.85,10:45:22
2425.85,10:45:27
2425.85,10:45:33
2425.85,10:45:38
2425.85,10:45:43
2425.85,10:45:48
2425.85,10:45:53
2425.85,10:45:59
2425.85,10:46:04
2425.85,10:46:09
2425.85,10:46:14
2425.85,10:46:19
2425.85,10:46:24
2425.85,10:46:30
2425.85,10:46:35
2425.9,10:46:40
2425.9,10:46:45
2425.9,10:46:50
2425.9,10:46:56
2425.9,10:47:01
2425.9,10:47:06
2425.9,10:47:11
2425.9,10:47:17
2425.9,10:47:22
2425.9,10:47:27
2425.9,10:47:32
2425.9,10:47:37
2425.9,10:47:43
2425.9,10:47:48
2425.9,10:47:53
2425.9,10:47:58
2425.9,10:48:03
2425.9,10:48:09
2425.9,10:48:14
2425.9,10:48:19
2425.9,10:48:24
2425.9,10:48:30
2425.9,10:48:35
2426.0,10:48:40
2426.0,10:48:45
2426.0,10:48:50
2426.0,10:48:56
2426.0,10:49:01
2426.0,10:49:06
2426.0,10:49:11
2426.0,10:49:16
2426.0,10:49:22
2426.0,10:49:27
2426.0,10:49:32
2426.0,10:49:37
2426.0,10:49:42
2426.0,10:49:47
2426.0,10:49:53
2426.0,10:49:58
2426.0,10:50:03
2426.0,10:50:08
2426.0,10:50:13
2426.0,10:50:19
2426.0,10:50:24
2426.0,10:50:29
2427.7,10:50:34
2427.7,10:50:39
2427.7,10:50:44
2427.7,10:50:50
2427.7,10:50:55
2427.7,10:51:00
2427.7,10:51:05
2427.7,10:51:10
2427.7,10:51:16
2427.7,10:51:21
2427.7,10:51:26
2427.7,10:51:31
2427.7,10:51:36
2427.7,10:51:41
2427.7,10:51:47
2427.7,10:51:52
2427.7,10:51:57
2427.7,10:52:02
2427.7,10:52:07
2427.7,10:52:13
2430.0,10:52:18
2430.0,10:52:23
2430.0,10:52:28
2430.0,10:52:33
2430.0,10:52:38
2430.0,10:52:44
2430.0,10:52:49
2430.0,10:52:54
2430.0,10:52:59
2430.0,10:53:04
2430.0,10:53:10
2430.0,10:53:15
2430.0,10:53:20
2430.0,10:53:25
2430.0,10:53:30
2430.0,10:53:36
2430.0,10:53:41
2430.0,10:53:46
2430.0,10:53:51
2430.0,10:53:56
2430.0,10:54:01
2430.0,10:54:07
2428.0,10:54:12
2428.0,10:54:17
2428.0,10:54:22
2428.0,10:54:27
2428.0,10:54:33
2428.0,10:54:38
2428.0,10:54:43
2428.0,10:54:48
2428.0,10:54:53
2428.0,10:54:59
2428.0,10:55:04
2428.0,10:55:09
2428.0,10:55:14
2428.0,10:55:19
2428.0,10:55:24
2428.0,10:55:30
2428.0,10:55:35
2428.0,10:55:40
2428.0,10:55:45
2428.0,10:55:50
2428.0,10:55:56
2428.0,10:56:01
2428.0,10:56:06
2427.65,10:56:11
2427.65,10:56:16
2427.65,10:56:22
2427.65,10:56:27
2427.65,10:56:32
2427.65,10:56:38
2427.65,10:56:43
2427.65,10:56:48
2427.65,10:56:54
2427.65,10:56:59
2427.65,10:57:04
2427.65,10:57:09
2427.65,10:57:14
2427.65,10:57:20
2427.65,10:57:25
2427.65,10:57:30
2427.65,10:57:35
2427.65,10:57:40
2427.65,10:57:46
2427.65,10:57:51
2427.65,10:57:56
2427.65,10:58:01
2427.65,10:58:06
2429.75,10:58:11
2429.75,10:58:17
2429.75,10:58:22
2429.75,10:58:27
2429.75,10:58:32
2429.75,10:58:37
2429.75,10:58:43
2429.75,10:58:48
2429.75,10:58:53
2429.75,10:58:58
2429.75,10:59:03
2429.75,10:59:09
2429.75,10:59:14
2429.75,10:59:19
2429.75,10:59:24
2429.75,10:59:29
2429.75,10:59:35
2429.75,10:59:40
2429.75,10:59:45
2431.15,10:59:50
2431.15,10:59:55
2431.15,11:00:00
2431.15,11:00:06
2430.1,11:00:11
2430.1,11:00:16
2430.1,11:00:22
2430.1,11:00:27
2430.1,11:00:32
2430.1,11:00:37
2430.1,11:00:42
2430.1,11:00:48
2430.1,11:00:53
2430.1,11:00:58
2430.1,11:01:03
2430.1,11:01:08
2430.1,11:01:13
2430.1,11:01:19
2430.1,11:01:24
2430.1,11:01:29
2430.1,11:01:35
2430.1,11:01:40
2430.1,11:01:45
2430.1,11:01:50
2430.1,11:01:55
2430.1,11:02:01
2429.95,11:02:06
2429.95,11:02:11
2429.95,11:02:16
2429.95,11:02:21
2429.95,11:02:27
2429.95,11:02:32
2429.95,11:02:37
2429.95,11:02:42
2429.95,11:02:47
2429.95,11:02:52
2429.95,11:02:58
2429.95,11:03:03
2429.95,11:03:08
2429.95,11:03:13
2429.95,11:03:18
2429.95,11:03:24
2429.95,11:03:29
2429.95,11:03:34
2429.95,11:03:39
2429.95,11:03:44
2432.45,11:03:50
2432.45,11:03:55
2432.45,11:04:00
2432.45,11:04:05
2432.45,11:04:10
2432.45,11:04:16
2432.45,11:04:21
2432.45,11:04:26
2432.45,11:04:31
2432.45,11:04:36
2432.45,11:04:42
2432.45,11:04:47
2432.45,11:04:52
2432.45,11:04:57
2432.45,11:05:02
2432.45,11:05:07
2432.45,11:05:13
2432.45,11:05:18
2432.45,11:05:23
2432.45,11:05:28
2432.45,11:05:33
2432.4,11:05:39
2432.4,11:05:44
2432.4,11:05:49
2432.4,11:05:54
2432.4,11:05:59
2432.4,11:06:04
2432.4,11:06:10
2432.4,11:06:15
2432.4,11:06:20
2432.4,11:06:25
2432.4,11:06:30
2432.4,11:06:36
2432.4,11:06:41
2432.4,11:06:46
2432.4,11:06:51
2432.4,11:06:57
2432.4,11:07:02
2432.4,11:07:07
2432.4,11:07:13
2432.4,11:07:18
2432.4,11:07:23
2432.4,11:07:28
2432.4,11:07:33
2427.8,11:07:39
2427.8,11:07:44
2427.8,11:07:49
2427.8,11:07:54
2427.8,11:07:59
2427.8,11:08:04
2427.8,11:08:10
2427.8,11:08:15
2427.8,11:08:20
2427.8,11:08:25
2427.8,11:08:30
2427.8,11:08:36
2427.8,11:08:41
2427.8,11:08:46
2427.8,11:08:51
2427.8,11:08:56
2427.8,11:09:02
2427.8,11:09:07
2427.8,11:09:12
2427.8,11:09:17
2427.8,11:09:22
2427.8,11:09:28
2427.8,11:09:33
2427.8,11:09:38
2427.8,11:09:43
2426.0,11:09:48
2426.0,11:09:54
2426.0,11:09:59
2426.0,11:10:04
2426.0,11:10:09
2426.0,11:10:14
2426.0,11:10:20
2426.0,11:10:25
2426.0,11:10:30
2426.0,11:10:35
2426.0,11:10:40
2426.0,11:10:46
2426.0,11:10:51
2426.0,11:10:56
2426.0,11:11:01
2426.0,11:11:06
2426.0,11:11:11
2426.0,11:11:17
2426.0,11:11:22
2426.0,11:11:27
2426.0,11:11:32
2426.0,11:11:37
2424.9,11:11:43
2424.9,11:11:48
2424.9,11:11:53
2424.9,11:11:58
2424.9,11:12:03
2424.9,11:12:08
2424.9,11:12:14
2424.9,11:12:19
2424.9,11:12:24
2424.9,11:12:29
2424.9,11:12:34
2424.9,11:12:40
2424.9,11:12:45
2424.9,11:12:50
2424.9,11:12:55
2424.9,11:13:00
2424.9,11:13:05
2424.9,11:13:11
2424.9,11:13:16
2424.9,11:13:21
2424.9,11:13:26
2424.9,11:13:31
2424.9,11:13:36
2424.95,11:13:42
2424.95,11:13:47
2424.95,11:13:52
2424.95,11:13:57
2424.95,11:14:02
2424.95,11:14:08
2424.95,11:14:13
2424.95,11:14:18
2424.95,11:14:23
2424.95,11:14:28
2424.95,11:14:33
2424.95,11:14:39
2424.95,11:14:44
2424.95,11:14:49
2424.95,11:14:54
2424.95,11:14:59
2424.95,11:15:04
2424.95,11:15:10
2424.95,11:15:15
2424.95,11:15:20
2424.95,11:15:25
2424.95,11:15:30
2424.95,11:15:35
2424.95,11:15:41
2424.95,11:15:46
2424.95,11:15:51
2424.95,11:15:56
2424.95,11:16:01
2424.95,11:16:07
2424.95,11:16:12
2424.95,11:16:17
2424.95,11:16:22
2424.95,11:16:27
2424.95,11:16:32
2424.95,11:16:38
2424.95,11:16:43
2424.95,11:16:48
2424.95,11:16:53
2424.95,11:16:58
2424.95,11:17:03
2424.95,11:17:09
2424.95,11:17:14
2424.95,11:17:19
2422.0,11:17:24
2422.0,11:17:29
2422.0,11:17:34
2422.0,11:17:40
2422.0,11:17:45
2422.0,11:17:50
2422.0,11:17:55
2422.0,11:18:00
2422.0,11:18:05
2422.0,11:18:11
2422.0,11:18:16
2422.0,11:18:21
2422.0,11:18:26
2422.0,11:18:31
2422.0,11:18:37
2422.0,11:18:42
2422.0,11:18:47
2422.0,11:18:52
2421.7,11:18:57
2421.7,11:19:02
2421.7,11:19:08
2421.7,11:19:13
2421.7,11:19:18
2421.7,11:19:23
2421.7,11:19:28
2421.7,11:19:33
2421.7,11:19:39
2421.7,11:19:44
2421.7,11:19:49
2421.7,11:19:54
2421.7,11:19:59
2421.7,11:20:05
2421.7,11:20:10
2421.7,11:20:15
2421.7,11:20:20
2421.7,11:20:25
2421.7,11:20:30
2421.7,11:20:36
2421.7,11:20:41
2421.95,11:20:46
2421.95,11:20:51
2421.95,11:20:56
2421.95,11:21:01
2421.95,11:21:07
2421.95,11:21:12
2421.95,11:21:17
2421.95,11:21:22
2421.95,11:21:27
2421.95,11:21:33
2421.95,11:21:38
2421.95,11:21:43
2421.95,11:21:48
2421.95,11:21:53
2421.95,11:21:58
2421.95,11:22:04
2421.95,11:22:09
2421.95,11:22:14
2421.95,11:22:19
2421.95,11:22:24
2421.95,11:22:29
2422.5,11:22:35
2422.5,11:22:40
2422.5,11:22:45
2422.5,11:22:50
2422.5,11:22:55
2422.5,11:23:01
2422.5,11:23:06
2422.5,11:23:11
2422.5,11:23:16
2422.5,11:23:21
2422.5,11:23:27
2422.5,11:23:32
2422.5,11:23:37
2422.5,11:23:42
2422.5,11:23:47
2422.5,11:23:52
2422.5,11:23:58
2422.5,11:24:03
2422.5,11:24:08
2421.9,11:24:13
2421.9,11:24:18
2421.9,11:24:24
2421.9,11:24:29
2421.9,11:24:34
2421.9,11:24:39
2421.9,11:24:44
2421.9,11:24:49
2424.3,11:24:55
2424.3,11:25:00
2424.3,11:25:05
2424.3,11:25:10
2424.3,11:25:15
2424.3,11:25:20
2424.3,11:25:26
2424.3,11:25:31
2424.3,11:25:36
2424.3,11:25:41
2424.3,11:25:46
2424.3,11:25:51
2424.3,11:25:57
2424.3,11:26:02
2424.3,11:26:07
2424.3,11:26:12
2424.3,11:26:17
2424.3,11:26:23
2424.3,11:26:28
2424.3,11:26:33
2424.3,11:26:38
2427.4,11:26:43
2427.4,11:26:48
2427.4,11:26:54
2427.4,11:26:59
2427.4,11:27:04
2427.4,11:27:09
2427.4,11:27:14
2427.4,11:27:19
2425.5,11:27:25
2425.5,11:27:30
2425.5,11:27:35
2425.5,11:27:40
2425.5,11:27:45
2425.5,11:27:50
2425.5,11:27:56
2425.5,11:28:01
2425.5,11:28:06
2425.5,11:28:11
2425.5,11:28:16
2425.5,11:28:21
2425.5,11:28:27
2425.5,11:28:32
2425.5,11:28:37
2425.5,11:28:42
2425.5,11:28:47
2425.5,11:28:53
2425.5,11:28:58
2425.5,11:29:03
2425.5,11:29:08
2421.7,11:29:13
2421.7,11:29:18
2421.7,11:29:24
2421.7,11:29:29
2421.7,11:29:34
2421.7,11:29:39
2421.7,11:29:44
2421.7,11:29:49
2421.7,11:29:55
2421.7,11:30:00
2421.7,11:30:05
2421.7,11:30:10
2421.7,11:30:15
2421.7,11:30:21
2421.7,11:30:26
2421.7,11:30:31
2421.7,11:30:36
2421.7,11:30:41
2421.7,11:30:46
2421.7,11:30:52
2421.7,11:30:57
2421.7,11:31:02
None,11:31:07
None,11:31:12
None,11:31:18
None,11:31:23
None,11:31:28
None,11:31:33
None,11:31:38
None,11:31:43
None,11:31:48
None,11:31:54
None,11:31:59
None,11:32:04
None,11:32:09
None,11:32:14
None,11:32:19
None,11:32:25
None,11:32:30
None,11:32:35
None,11:32:40
None,11:32:45
None,11:32:50
None,11:32:56
2421.65,11:33:01
2421.65,11:33:06
2421.65,11:33:11
2421.65,11:33:16
2421.65,11:33:21
2421.65,11:33:27
2421.65,11:33:32
2421.65,11:33:37
2421.65,11:33:42
2421.65,11:33:47
2421.65,11:33:53
2421.65,11:33:58
2421.65,11:34:03
2421.65,11:34:08
2421.65,11:34:13
2421.65,11:34:18
2421.65,11:34:24
2421.65,11:34:29
2421.65,11:34:34
2421.8,11:34:39
2421.8,11:34:44
2421.65,11:34:49
2421.8,11:34:55
2418.0,11:35:00
2418.0,11:35:05
2418.0,11:35:10
2418.0,11:35:15
2418.0,11:35:21
2418.0,11:35:26
2418.0,11:35:31
2418.0,11:35:36
2418.0,11:35:41
2418.0,11:35:46
2418.0,11:35:52
2418.0,11:35:57
2418.0,11:36:02
2418.0,11:36:07
2418.0,11:36:12
2418.0,11:36:18
2418.0,11:36:23
2418.0,11:36:28
2418.0,11:36:33
2418.05,11:36:38
2418.05,11:36:43
2418.05,11:36:49
2419.0,11:36:54
2419.0,11:36:59
2419.0,11:37:04
2419.0,11:37:09
2419.0,11:37:14
2419.0,11:37:20
2419.0,11:37:25
2419.0,11:37:30
2419.0,11:37:35
2419.0,11:37:40
2419.0,11:37:46
2419.0,11:37:51
2419.0,11:37:56
2419.0,11:38:01
2419.0,11:38:06
2419.0,11:38:11
2419.0,11:38:17
2419.0,11:38:22
2419.0,11:38:27
2419.0,11:38:32
2419.0,11:38:38
2419.3,11:38:43
2419.3,11:38:48
2419.3,11:38:53
2419.3,11:38:58
2419.3,11:39:03
2419.3,11:39:09
2419.3,11:39:14
2419.3,11:39:19
2419.3,11:39:24
2419.3,11:39:29
2419.3,11:39:34
2419.3,11:39:40
2419.3,11:39:45
2419.3,11:39:50
2419.3,11:39:55
2419.3,11:40:00
2419.3,11:40:06
2418.8,11:40:11
2418.8,11:40:16
2418.8,11:40:21
2418.8,11:40:26
2418.8,11:40:31
2418.8,11:40:37
2418.8,11:40:42
2418.8,11:40:47
2418.8,11:40:52
2419.85,11:40:57
2419.85,11:41:02
2419.85,11:41:08
2419.85,11:41:13
2419.85,11:41:18
2419.85,11:41:23
2419.85,11:41:28
2419.85,11:41:34
2419.85,11:41:39
2419.85,11:41:44
2419.85,11:41:49
2419.85,11:41:54
2419.85,11:41:59
2419.85,11:42:05
2419.85,11:42:10
2419.85,11:42:15
2419.85,11:42:20
2419.85,11:42:25
2419.85,11:42:30
2419.85,11:42:36
2419.85,11:42:41
2419.85,11:42:46
2419.85,11:42:51
2419.85,11:42:56
2419.85,11:43:02
2419.85,11:43:07
2419.85,11:43:12
2419.85,11:43:17
2419.85,11:43:22
2419.85,11:43:27
2419.85,11:43:33
2419.85,11:43:38
2419.85,11:43:43
2419.85,11:43:48
2419.85,11:43:53
2419.85,11:43:58
2419.85,11:44:04
2419.85,11:44:09
2419.85,11:44:14
2419.85,11:44:19
2419.85,11:44:24
2419.85,11:44:30
2419.85,11:44:35
2419.85,11:44:40
2419.85,11:44:45
2419.85,11:44:50
2420.3,11:44:56
2420.3,11:45:01
2420.3,11:45:06
2420.3,11:45:11
2420.3,11:45:16
2420.3,11:45:21
2420.3,11:45:27
2420.3,11:45:32
2420.3,11:45:37
2420.3,11:45:42
2420.3,11:45:47
2420.3,11:45:53
2420.3,11:45:58
2420.3,11:46:03
2420.3,11:46:09
2420.3,11:46:14
2420.3,11:46:20
2420.3,11:46:25
2420.3,11:46:30
2420.3,11:46:35
2420.3,11:46:40
2420.3,11:46:45
2421.4,11:46:51
2421.4,11:46:56
2421.4,11:47:01
2421.4,11:47:06
2421.4,11:47:12
2421.4,11:47:18
2421.4,11:47:23
2421.4,11:47:28
2421.4,11:47:33
2421.4,11:47:38
2421.4,11:47:43
2421.4,11:47:49
2421.4,11:47:54
2421.4,11:47:59
2421.4,11:48:04
2421.4,11:48:09
2421.4,11:48:15
2421.4,11:48:20
2421.4,11:48:25
2421.4,11:48:30
2421.4,11:48:38
2421.4,11:48:43
2422.95,11:48:49
2422.95,11:48:54
2422.95,11:48:59
2422.95,11:49:04
2422.95,11:49:09
2422.95,11:49:14
2422.95,11:49:20
2422.95,11:49:25
2422.95,11:49:30
2422.95,11:49:35
2422.95,11:49:40
2422.95,11:49:45
2422.95,11:49:51
2422.95,11:49:56
2422.95,11:50:01
2422.95,11:50:06
2422.95,11:50:11
2422.95,11:50:17
2422.95,11:50:22
2422.95,11:50:27
2422.95,11:50:32
2422.95,11:50:37
2422.95,11:50:42
2422.95,11:50:48
2421.4,11:50:53
2421.4,11:50:58
2421.4,11:51:04
2421.4,11:51:09
2421.4,11:51:15
2421.4,11:51:20
2421.4,11:51:25
2421.4,11:51:30
2421.4,11:51:35
2421.4,11:51:41
2421.4,11:51:46
2421.4,11:51:51
2421.4,11:51:56
2421.4,11:52:01
2421.4,11:52:07
2421.4,11:52:12
2421.4,11:52:17
2421.4,11:52:22
2421.4,11:52:27
2421.4,11:52:33
2421.4,11:52:38
2421.0,11:52:43
2421.0,11:52:49
2421.0,11:52:54
2421.0,11:52:59
2421.0,11:53:04
2421.0,11:53:09
2421.0,11:53:14
2421.0,11:53:20
2421.0,11:53:25
2421.0,11:53:30
2421.0,11:53:35
2421.0,11:53:40
2421.0,11:53:45
2421.0,11:53:51
2421.0,11:53:56
2420.75,11:54:01
2420.75,11:54:06
2420.75,11:54:11
2420.75,11:54:17
2420.75,11:54:22
2420.75,11:54:27
2420.75,11:54:33
2420.75,11:54:38
2420.75,11:54:43
2420.75,11:54:48
2420.75,11:54:53
2419.35,11:54:58
2419.35,11:55:04
2419.35,11:55:09
2419.35,11:55:14
2419.35,11:55:19
2419.35,11:55:24
2419.35,11:55:31
2419.35,11:55:37
2419.35,11:55:42
2419.35,11:55:47
2419.35,11:55:52
2419.35,11:55:57
2419.35,11:56:03
2419.35,11:56:08
2419.35,11:56:13
2419.35,11:56:18
2419.35,11:56:23
2419.35,11:56:28
2419.35,11:56:35
2419.35,11:56:40
2420.45,11:56:45
2420.45,11:56:50
2420.45,11:56:55
2420.45,11:57:01
2420.45,11:57:06
2420.45,11:57:11
2420.45,11:57:17
2420.45,11:57:22
2420.45,11:57:27
2420.45,11:57:33
2420.45,11:57:38
2420.45,11:57:43
2420.45,11:57:48
2420.45,11:57:53
2420.45,11:57:59
2420.45,11:58:04
2420.45,11:58:09
2420.45,11:58:14
2420.45,11:58:19
2420.35,11:58:24
2420.35,11:58:30
2420.35,11:58:35
2420.35,11:58:40
2420.35,11:58:45
2420.35,11:58:52
2420.35,11:58:57
2420.35,11:59:02
2420.35,11:59:07
2420.35,11:59:12
2420.35,11:59:17
2420.35,11:59:22
2420.35,11:59:28
2420.35,11:59:33
2420.35,11:59:38
2420.35,11:59:43
2420.35,11:59:48
2420.35,11:59:53
2420.35,11:59:59
2420.35,12:00:04
2420.35,12:00:09
2420.35,12:00:14
2420.0,12:00:19
2420.0,12:00:24
2420.0,12:00:30
2420.0,12:00:35
2420.0,12:00:40
2420.0,12:00:45
2420.0,12:00:50
2420.0,12:00:55
2420.0,12:01:00
2420.0,12:01:06
2420.0,12:01:11
2420.0,12:01:16
2420.0,12:01:21
2420.0,12:01:26
2420.0,12:01:32
2420.0,12:01:37
2420.0,12:01:42
2420.0,12:01:47
2420.0,12:01:52
2420.0,12:01:58
2420.15,12:02:03
2420.15,12:02:08
2420.15,12:02:13
2420.15,12:02:19
2420.15,12:02:25
2420.15,12:02:30
2420.15,12:02:35
2420.15,12:02:40
2420.15,12:02:45
2420.15,12:02:50
2420.15,12:02:56
2420.15,12:03:01
2420.15,12:03:06
2420.15,12:03:11
2420.15,12:03:16
2420.15,12:03:22
2420.15,12:03:27
2420.15,12:03:32
2420.15,12:03:37
2420.15,12:03:42
2420.15,12:03:48
2419.9,12:03:53
2419.9,12:03:58
2419.9,12:04:03
2419.9,12:04:08
2419.9,12:04:13
2419.9,12:04:19
2419.9,12:04:24
2419.9,12:04:29
2419.9,12:04:34
2419.9,12:04:39
2419.9,12:04:45
2419.9,12:04:50
2419.9,12:04:55
2419.9,12:05:00
2419.9,12:05:05
2419.9,12:05:10
2419.9,12:05:16
2419.9,12:05:21
2419.9,12:05:26
2419.9,12:05:31
2419.9,12:05:36
2419.9,12:05:42
2419.9,12:05:47
2419.9,12:05:52
2419.9,12:05:57
2419.9,12:06:02
2419.9,12:06:08
2419.9,12:06:13
2419.9,12:06:18
2419.9,12:06:23
2419.9,12:06:28
2419.9,12:06:33
2419.9,12:06:39
2419.9,12:06:44
2419.9,12:06:49
2419.9,12:06:54
2419.9,12:06:59
2419.9,12:07:05
2419.9,12:07:10
2419.9,12:07:15
2419.9,12:07:20
2419.9,12:07:25
2421.8,12:07:30
2421.8,12:07:36
2421.8,12:07:41
2421.8,12:07:46
2421.8,12:07:51
2421.8,12:07:56
2421.8,12:08:02
2421.8,12:08:07
2421.8,12:08:12
2421.8,12:08:17
2421.8,12:08:22
2421.8,12:08:27
2421.8,12:08:33
2421.8,12:08:38
2421.8,12:08:43
2421.8,12:08:48
2421.8,12:08:53
2421.8,12:08:59
2421.8,12:09:04
2421.8,12:09:09
2421.8,12:09:14
2420.0,12:09:19
2420.0,12:09:25
2420.0,12:09:30
2420.0,12:09:35
2420.0,12:09:40
2420.0,12:09:45
2420.0,12:09:50
2420.0,12:09:56
2420.0,12:10:01
2420.0,12:10:06
2420.0,12:10:11
2420.0,12:10:16
2420.0,12:10:22
2420.0,12:10:27
2420.0,12:10:32
2420.0,12:10:37
2420.0,12:10:42
2420.0,12:10:48
2420.0,12:10:53
2420.0,12:10:58
2420.0,12:11:03
2420.0,12:11:08
2420.0,12:11:13
2422.35,12:11:19
2422.35,12:11:24
2422.35,12:11:29
2422.35,12:11:34
2422.35,12:11:39
2422.35,12:11:45
2422.35,12:11:50
2422.35,12:11:55
2422.35,12:12:00
2422.35,12:12:05
2422.35,12:12:10
2422.35,12:12:16
2422.35,12:12:21
2422.35,12:12:26
2422.35,12:12:31
2422.35,12:12:36
2422.35,12:12:42
2422.35,12:12:47
2422.35,12:12:52
2422.35,12:12:57
2422.35,12:13:02
2421.0,12:13:07
2421.0,12:13:13
2421.0,12:13:18
2421.0,12:13:23
2421.0,12:13:28
2421.0,12:13:33
2421.0,12:13:38
2421.0,12:13:43
2421.0,12:13:49
2421.0,12:13:54
2421.0,12:13:59
2421.0,12:14:04
2421.0,12:14:09
2421.0,12:14:14
2421.0,12:14:20
2421.0,12:14:25
2421.0,12:14:30
2421.0,12:14:35
2421.0,12:14:40
2421.0,12:14:45
2421.0,12:14:50
2421.0,12:14:55
2421.0,12:15:01
2420.55,12:15:06
2420.55,12:15:11
2420.55,12:15:16
2420.55,12:15:21
2420.55,12:15:26
2420.55,12:15:32
2420.55,12:15:37
2420.55,12:15:42
2420.55,12:15:47
2420.55,12:15:52
2420.55,12:15:57
2420.55,12:16:03
2420.55,12:16:08
2420.55,12:16:13
2420.55,12:16:18
2420.55,12:16:24
2420.55,12:16:29
2420.55,12:16:34
2420.55,12:16:39
2420.55,12:16:44
2420.55,12:16:50
2423.0,12:16:55
2423.0,12:17:00
2423.0,12:17:05
2423.0,12:17:10
2423.0,12:17:15
2423.0,12:17:21
2423.0,12:17:26
2423.0,12:17:31
2423.0,12:17:36
2423.0,12:17:41
2423.0,12:17:46
2423.0,12:17:51
2423.0,12:17:57
2423.0,12:18:02
2423.0,12:18:07
2423.0,12:18:12
2423.0,12:18:17
2423.0,12:18:23
2423.0,12:18:28
2423.0,12:18:33
2423.1,12:18:38
2423.1,12:18:43
2425.4,12:18:49
2425.4,12:18:54
2425.4,12:18:59
2425.4,12:19:04
2425.4,12:19:09
2425.4,12:19:15
2425.4,12:19:20
2425.4,12:19:25
2425.4,12:19:30
2425.4,12:19:35
2425.4,12:19:40
2425.4,12:19:46
2425.4,12:19:51
2425.4,12:19:56
2425.4,12:20:01
2425.4,12:20:06
2425.4,12:20:12
2425.4,12:20:17
2425.4,12:20:22
2425.4,12:20:27
2425.4,12:20:32
2425.8,12:20:38
2425.8,12:20:43
2425.8,12:20:48
2425.8,12:20:53
2425.8,12:20:58
2425.8,12:21:03
2425.8,12:21:09
2425.8,12:21:14
2425.8,12:21:19
2425.8,12:21:24
2425.8,12:21:29
2425.8,12:21:35
2425.8,12:21:40
2425.8,12:21:45
2425.8,12:21:50
2425.8,12:21:55
2425.8,12:22:00
2425.8,12:22:06
2425.8,12:22:11
2425.8,12:22:16
2425.8,12:22:21
2424.85,12:22:26
2424.85,12:22:32
2424.85,12:22:37
2424.85,12:22:42
2424.85,12:22:47
2424.85,12:22:52
2424.85,12:22:58
2424.85,12:23:03
2424.85,12:23:08
2424.85,12:23:13
2424.85,12:23:18
2424.85,12:23:24
2424.85,12:23:29
2424.85,12:23:34
2424.85,12:23:40
2424.85,12:23:45
2424.85,12:23:50
2424.85,12:23:55
2424.85,12:24:00
2424.85,12:24:06
2424.85,12:24:11
2425.05,12:24:16
2423.6,12:24:21
2423.6,12:24:26
2423.6,12:24:32
2423.6,12:24:37
2423.6,12:24:42
2423.6,12:24:47
2423.6,12:24:52
2423.6,12:24:58
2423.6,12:25:03
2423.6,12:25:08
2423.6,12:25:13
2423.6,12:25:18
2423.6,12:25:24
2423.6,12:25:29
2423.6,12:25:34
2423.6,12:25:39
2423.6,12:25:44
2423.6,12:25:50
2423.6,12:25:55
2423.6,12:26:00
2425.45,12:26:05
2425.45,12:26:10
2425.45,12:26:16
2425.45,12:26:21
2425.45,12:26:26
2425.45,12:26:31
2425.45,12:26:36
2425.45,12:26:41
2425.45,12:26:47
2425.45,12:26:52
2425.45,12:26:57
2425.45,12:27:02
2425.45,12:27:07
2425.45,12:27:13
2425.45,12:27:18
2425.45,12:27:23
2425.45,12:27:28
2425.45,12:27:33
2425.45,12:27:39
2425.45,12:27:44
2425.45,12:27:49
2425.45,12:27:54
2425.45,12:27:59
2425.45,12:28:05
2425.45,12:28:10
2426.7,12:28:15
2426.7,12:28:20
2426.7,12:28:25
2426.7,12:28:31
2426.7,12:28:36
2426.7,12:28:41
2426.7,12:28:46
2426.7,12:28:51
2426.7,12:28:57
2426.7,12:29:02
2426.7,12:29:07
2426.7,12:29:12
2426.7,12:29:17
2426.7,12:29:22
2426.7,12:29:28
2426.7,12:29:33
2426.7,12:29:38
2426.7,12:29:43
2426.7,12:29:48
2426.7,12:29:54
2426.65,12:29:59
2426.65,12:30:04
2426.65,12:30:09
2426.65,12:30:15
2426.65,12:30:20
2426.65,12:30:25
2426.65,12:30:30
2426.65,12:30:36
2426.65,12:30:41
2426.65,12:30:46
2426.65,12:30:51
2426.65,12:30:56
2426.65,12:31:01
2426.65,12:31:07
2426.65,12:31:12
2426.65,12:31:17
2426.65,12:31:22
2426.65,12:31:28
2426.65,12:31:34
2426.65,12:31:39
2426.65,12:31:44
2427.25,12:31:49
2427.25,12:31:54
2427.25,12:32:00
2427.25,12:32:05
2427.25,12:32:10
2427.25,12:32:15
2427.25,12:32:20
2427.25,12:32:26
2427.25,12:32:31
2427.25,12:32:36
2427.25,12:32:41
2427.25,12:32:46
2427.25,12:32:51
2427.25,12:32:57
2427.25,12:33:02
2427.25,12:33:07
2427.25,12:33:12
2427.25,12:33:18
2427.25,12:33:23
2427.25,12:33:28
2427.25,12:33:33
2427.25,12:33:38
2427.25,12:33:44
2427.25,12:33:49
2425.6,12:33:54
2425.6,12:33:59
2425.6,12:34:04
2425.6,12:34:10
2425.6,12:34:15
2425.6,12:34:20
2425.6,12:34:25
2425.6,12:34:31
2425.6,12:34:36
2425.6,12:34:41
2425.6,12:34:46
2425.6,12:34:51
2425.6,12:34:57
2425.6,12:35:02
2425.6,12:35:07
2425.6,12:35:12
2425.6,12:35:17
2425.6,12:35:23
2425.6,12:35:28
2425.6,12:35:33
2425.6,12:35:39
2425.6,12:35:45
2426.2,12:35:50
2426.2,12:35:56
2426.2,12:36:02
2426.2,12:36:07
2426.2,12:36:12
2426.2,12:36:17
2426.2,12:36:23
2426.2,12:36:28
2426.2,12:36:33
2426.2,12:36:38
2426.2,12:36:43
2426.2,12:36:49
2426.2,12:36:54
2426.2,12:36:59
2426.2,12:37:04
2426.2,12:37:10
2426.2,12:37:15
2426.3,12:37:20
2426.3,12:37:26
2426.3,12:37:31
2426.65,12:37:36
2426.65,12:37:41
2426.65,12:37:47
2426.65,12:37:52
2426.65,12:37:57
2426.65,12:38:02
2426.65,12:38:08
2426.65,12:38:13
2426.65,12:38:18
2426.65,12:38:23
2426.65,12:38:29
2426.65,12:38:34
2426.65,12:38:39
2426.65,12:38:44
2426.65,12:38:49
2426.65,12:38:54
2426.65,12:39:00
2426.65,12:39:05
2426.65,12:39:10
2426.65,12:39:16
2426.65,12:39:21
2428.55,12:39:26
2428.55,12:39:31
2428.55,12:39:37
2428.55,12:39:42
2428.55,12:39:47
2428.55,12:39:52
2428.55,12:39:57
2428.55,12:40:03
2428.55,12:40:08
2428.55,12:40:13
2428.55,12:40:18
2428.55,12:40:24
2428.55,12:40:29
2428.55,12:40:34
2428.55,12:40:39
2428.55,12:40:45
2428.55,12:40:50
2428.55,12:40:55
2428.55,12:41:00
2428.55,12:41:06
2428.55,12:41:11
2428.55,12:41:16
2427.65,12:41:21
2427.45,12:41:27
2427.45,12:41:32
2427.45,12:41:37
2427.65,12:41:42
2427.45,12:41:47
2427.45,12:41:53
2427.45,12:41:58
2427.45,12:42:03
2427.45,12:42:08
2427.45,12:42:14
2427.45,12:42:19
2427.45,12:42:24
2427.45,12:42:29
2427.45,12:42:34
2427.45,12:42:40
2427.45,12:42:45
2427.45,12:42:50
2427.65,12:42:55
2427.45,12:43:00
2427.3,12:43:06
2427.3,12:43:11
2427.3,12:43:16
2427.3,12:43:21
2427.3,12:43:26
2427.3,12:43:32
2427.3,12:43:37
2427.3,12:43:42
2427.3,12:43:48
2427.3,12:43:53
2427.3,12:43:58
2427.3,12:44:03
2427.3,12:44:09
2427.3,12:44:14
2427.3,12:44:19
2427.3,12:44:24
2427.3,12:44:30
2427.3,12:44:35
2427.3,12:44:40
2427.3,12:44:45
2427.3,12:44:50
2427.05,12:44:56
2427.05,12:45:01
2427.05,12:45:06
2427.05,12:45:11
2427.05,12:45:16
2427.05,12:45:22
2427.05,12:45:27
2427.05,12:45:32
2427.05,12:45:37
2427.05,12:45:42
2427.05,12:45:48
2427.05,12:45:53
2427.05,12:45:58
2427.05,12:46:03
2427.05,12:46:09
2427.05,12:46:14
2427.05,12:46:19
2427.05,12:46:24
2427.05,12:46:29
2427.05,12:46:35
2427.05,12:46:40
2427.05,12:46:45
2427.05,12:46:50
2427.05,12:46:55
2427.05,12:47:01
2427.35,12:47:06
2427.35,12:47:11
2427.35,12:47:16
2427.35,12:47:21
2427.35,12:47:27
2427.35,12:47:32
2427.35,12:47:37
2427.35,12:47:42
2427.35,12:47:47
2427.35,12:47:53
2427.35,12:47:58
2427.35,12:48:03
2427.35,12:48:08
2427.35,12:48:13
2427.35,12:48:19
2427.35,12:48:24
2427.35,12:48:29
2427.35,12:48:34
2427.35,12:48:39
2427.35,12:48:45
2427.35,12:48:50
2426.55,12:48:55
2426.55,12:49:00
2426.55,12:49:06
2426.55,12:49:11
2426.55,12:49:16
2426.55,12:49:21
2426.55,12:49:26
2426.55,12:49:32
2426.55,12:49:37
2426.55,12:49:42
2426.55,12:49:47
2426.55,12:49:52
2426.55,12:49:58
2426.55,12:50:03
2426.55,12:50:08
2426.55,12:50:13
2426.55,12:50:19
2426.55,12:50:24
2426.55,12:50:29
2426.55,12:50:34
2426.55,12:50:39
2427.5,12:50:45
2427.5,12:50:50
2427.5,12:50:55
2427.5,12:51:00
2427.5,12:51:05
2427.5,12:51:11
2427.5,12:51:16
2427.5,12:51:21
2427.5,12:51:26
2427.5,12:51:31
2427.5,12:51:37
2427.5,12:51:42
2427.5,12:51:47
2427.5,12:51:52
2427.5,12:51:57
2427.5,12:52:03
2427.5,12:52:08
2427.5,12:52:13
2427.5,12:52:18
2427.5,12:52:23
2427.5,12:52:29
2427.5,12:52:34
2428.0,12:52:39
2428.0,12:52:44
2428.0,12:52:50
2428.0,12:52:55
2428.0,12:53:00
2428.0,12:53:05
2428.0,12:53:10
2428.0,12:53:16
2428.0,12:53:21
2428.0,12:53:26
2428.0,12:53:31
2428.0,12:53:36
2428.0,12:53:42
2428.0,12:53:47
2428.0,12:53:52
2428.0,12:53:57
2428.0,12:54:02
2428.0,12:54:08
2428.0,12:54:13
2428.0,12:54:18
2428.0,12:54:23
2428.0,12:54:28
2429.0,12:54:34
2429.0,12:54:39
2429.0,12:54:44
2429.0,12:54:50
2429.0,12:54:55
2429.0,12:55:00
2429.0,12:55:05
2429.0,12:55:10
2429.0,12:55:16
2429.0,12:55:21
2429.0,12:55:26
2429.0,12:55:31
2429.0,12:55:36
2429.0,12:55:42
2429.0,12:55:47
2429.0,12:55:52
2429.0,12:55:57
2429.0,12:56:03
2429.0,12:56:08
2429.0,12:56:13
2428.85,12:56:18
2428.85,12:56:23
2428.85,12:56:29
2429.05,12:56:34
2429.05,12:56:39
2429.05,12:56:44
2429.05,12:56:49
2429.05,12:56:55
2429.05,12:57:00
2429.05,12:57:05
2429.05,12:57:10
2429.05,12:57:16
2429.05,12:57:21
2429.05,12:57:26
2429.05,12:57:31
2429.05,12:57:36
2429.05,12:57:42
2429.05,12:57:47
2429.05,12:57:52
2429.05,12:57:57
2429.05,12:58:02
2429.05,12:58:08
2429.05,12:58:13
2429.05,12:58:18
2427.6,12:58:23
2427.6,12:58:29
2427.6,12:58:34
2427.6,12:58:39
2427.6,12:58:44
2427.6,12:58:49
2427.6,12:58:55
2427.6,12:59:00
2427.6,12:59:05
2427.6,12:59:10
2427.6,12:59:15
2427.6,12:59:21
2427.6,12:59:26
2427.6,12:59:31
2427.6,12:59:36
2427.6,12:59:41
2427.6,12:59:47
2427.6,12:59:52
2427.6,12:59:58
2427.6,13:00:03
2427.6,13:00:08
2431.6,13:00:13
2431.6,13:00:19
2431.6,13:00:24
2431.6,13:00:29
2431.6,13:00:34
2431.6,13:00:39
2431.6,13:00:45
2431.6,13:00:50
2431.6,13:00:55
2431.6,13:01:00
2431.6,13:01:06
2431.6,13:01:11
2431.6,13:01:16
2431.6,13:01:21
2431.6,13:01:27
2431.6,13:01:32
2431.6,13:01:37
2431.6,13:01:42
2431.6,13:01:47
2430.95,13:01:53
2430.95,13:01:58
2433.25,13:02:03
2433.25,13:02:08
2433.25,13:02:13
2433.25,13:02:19
2433.25,13:02:24
2433.25,13:02:29
2433.25,13:02:34
2433.25,13:02:39
2433.25,13:02:45
2433.25,13:02:50
2433.25,13:02:55
2433.25,13:03:00
2433.25,13:03:06
2433.25,13:03:11
2433.25,13:03:16
2433.25,13:03:21
2433.25,13:03:26
2433.25,13:03:32
2433.25,13:03:37
2433.25,13:03:42
2433.25,13:03:47
2433.25,13:03:52
2434.0,13:03:58
2434.0,13:04:03
2434.0,13:04:08
2434.0,13:04:14
2434.0,13:04:19
2434.0,13:04:24
2434.0,13:04:29
2434.0,13:04:34
2434.0,13:04:40
2434.0,13:04:45
2434.0,13:04:50
2434.0,13:04:55
2434.0,13:05:00
2434.0,13:05:06
2434.0,13:05:11
2434.0,13:05:16
2434.0,13:05:21
2434.0,13:05:27
2434.0,13:05:32
2434.0,13:05:37
2434.0,13:05:42
2434.0,13:05:47
2434.0,13:05:53
2436.7,13:05:58
2436.7,13:06:03
2436.7,13:06:08
2436.7,13:06:14
2436.7,13:06:19
2436.7,13:06:24
2436.7,13:06:29
2436.7,13:06:34
2436.7,13:06:40
2436.7,13:06:45
2436.7,13:06:50
2436.7,13:06:55
2436.7,13:07:00
2436.7,13:07:06
2436.7,13:07:11
2436.7,13:07:16
2436.7,13:07:21
2436.7,13:07:26
2436.7,13:07:32
2436.7,13:07:37
2436.7,13:07:42
2436.7,13:07:47
2435.45,13:07:53
2435.45,13:07:58
2435.45,13:08:03
2435.45,13:08:08
2435.45,13:08:13
2435.45,13:08:19
2435.45,13:08:24
2435.45,13:08:29
2435.45,13:08:34
2435.45,13:08:39
2435.45,13:08:45
2435.45,13:08:50
2435.45,13:08:55
2435.45,13:09:00
2435.45,13:09:05
2435.45,13:09:11
2435.45,13:09:16
2435.45,13:09:21
2434.9,13:09:26
2434.9,13:09:31
2434.9,13:09:37
2433.5,13:09:42
2433.5,13:09:47
2433.5,13:09:52
2433.5,13:09:57
2433.5,13:10:03
2433.5,13:10:08
2433.5,13:10:13
2433.5,13:10:18
2433.5,13:10:23
2433.5,13:10:29
2433.5,13:10:34
2433.5,13:10:39
2433.5,13:10:44
2433.5,13:10:49
2433.5,13:10:55
2433.5,13:11:00
2433.5,13:11:05
2433.5,13:11:10
2433.5,13:11:15
2433.5,13:11:21
2433.5,13:11:26
2433.5,13:11:31
2433.5,13:11:36
2433.5,13:11:41
2433.5,13:11:47
2435.0,13:11:52
2435.0,13:11:57
2435.0,13:12:02
2435.0,13:12:08
2435.0,13:12:13
2435.0,13:12:18
2435.0,13:12:23
2435.0,13:12:29
2435.0,13:12:34
2435.0,13:12:39
2435.0,13:12:44
2435.0,13:12:49
2435.0,13:12:55
2435.0,13:13:00
2435.0,13:13:05
2435.0,13:13:10
2435.0,13:13:15
2435.0,13:13:21
2435.0,13:13:26
2435.0,13:13:31
2431.25,13:13:36
2431.25,13:13:41
2431.25,13:13:47
2431.25,13:13:52
2431.25,13:13:57
2431.25,13:14:02
2431.25,13:14:07
2431.25,13:14:13
2431.25,13:14:18
2431.25,13:14:23
2431.25,13:14:28
2431.25,13:14:33
2431.25,13:14:39
2431.25,13:14:44
2431.25,13:14:49
2431.25,13:14:54
2431.25,13:14:59
2431.25,13:15:05
2431.25,13:15:10
2431.25,13:15:15
2431.25,13:15:20
2434.4,13:15:26
2434.4,13:15:31
2434.4,13:15:36
2434.4,13:15:41
2434.4,13:15:46
2434.4,13:15:52
2434.4,13:15:57
2434.4,13:16:02
2434.4,13:16:07
2434.4,13:16:12
2434.4,13:16:18
2434.4,13:16:23
2434.4,13:16:28
2434.4,13:16:33
2434.4,13:16:38
2434.4,13:16:44
2434.4,13:16:49
2434.4,13:16:54
2434.4,13:16:59
2434.4,13:17:04
2434.4,13:17:10
2434.4,13:17:15
2434.4,13:17:20
2434.4,13:17:25
2434.4,13:17:30
2435.05,13:17:36
2435.05,13:17:41
2435.05,13:17:46
2435.05,13:17:51
2435.05,13:17:56
2435.05,13:18:02
2435.05,13:18:07
2435.05,13:18:12
2435.05,13:18:17
2435.05,13:18:22
2435.05,13:18:28
2435.05,13:18:33
2435.05,13:18:38
2435.05,13:18:43
2435.05,13:18:49
2435.05,13:18:54
2435.05,13:18:59
2435.05,13:19:04
2435.05,13:19:09
2435.05,13:19:14
2435.05,13:19:20
2435.75,13:19:25
2434.9,13:19:30
2434.9,13:19:35
2434.9,13:19:41
2434.9,13:19:46
2434.9,13:19:51
2434.0,13:19:56
2434.9,13:20:01
2434.0,13:20:07
2434.0,13:20:12
2434.9,13:20:17
2434.9,13:20:22
2434.0,13:20:27
2434.9,13:20:33
2434.9,13:20:38
2434.9,13:20:43
2434.9,13:20:48
2434.9,13:20:53
2434.9,13:20:59
2434.9,13:21:04
2434.9,13:21:09
2434.0,13:21:14
2433.0,13:21:19
2433.0,13:21:25
2433.0,13:21:30
2433.0,13:21:36
2433.0,13:21:41
2433.0,13:21:46
2433.0,13:21:51
2433.0,13:21:56
2433.0,13:22:01
2433.0,13:22:07
2433.0,13:22:12
2433.0,13:22:17
2433.0,13:22:22
2433.0,13:22:27
2433.0,13:22:33
2433.0,13:22:38
2433.0,13:22:43
2433.0,13:22:48
2433.0,13:22:54
2433.0,13:22:59
2433.0,13:23:04
2433.25,13:23:09
2433.25,13:23:14
2433.25,13:23:19
2433.25,13:23:25
2433.25,13:23:30
2433.25,13:23:35
2433.25,13:23:40
2433.25,13:23:45
2433.25,13:23:50
2433.25,13:23:56
2433.25,13:24:01
2433.25,13:24:06
2433.25,13:24:11
2433.25,13:24:17
2433.25,13:24:22
2433.25,13:24:27
2433.25,13:24:32
2433.25,13:24:37
2433.25,13:24:43
2433.25,13:24:48
2433.25,13:24:53
2434.45,13:24:58
2434.0,13:25:03
2434.0,13:25:09
2434.0,13:25:14
2434.0,13:25:19
2434.0,13:25:24
2434.0,13:25:29
2434.0,13:25:34
2434.0,13:25:40
2434.0,13:25:45
2434.0,13:25:50
2434.0,13:25:55
2434.0,13:26:00
2434.0,13:26:06
2434.0,13:26:11
2434.0,13:26:16
2434.0,13:26:21
2434.0,13:26:26
2434.0,13:26:31
2434.0,13:26:37
2434.0,13:26:42
2434.0,13:26:47
2434.0,13:26:52
2434.0,13:26:57
2434.0,13:27:03
2434.0,13:27:08
2432.65,13:27:13
2432.65,13:27:18
2432.65,13:27:23
2432.65,13:27:29
2432.65,13:27:34
2432.65,13:27:39
2432.65,13:27:44
2432.65,13:27:49
2432.65,13:27:55
2432.65,13:28:00
2432.65,13:28:05
2432.65,13:28:10
2432.65,13:28:15
2432.65,13:28:21
2432.65,13:28:26
2432.65,13:28:31
2432.65,13:28:36
2432.65,13:28:41
2432.65,13:28:46
2432.65,13:28:52
2432.65,13:28:57
2435.15,13:29:02
2435.15,13:29:07
2435.15,13:29:13
2435.15,13:29:18
2435.15,13:29:23
2435.15,13:29:28
2435.15,13:29:33
2435.15,13:29:38
2435.15,13:29:44
2435.15,13:29:49
2435.15,13:29:54
2435.15,13:29:59
2435.15,13:30:04
2435.15,13:30:10
2435.15,13:30:15
2435.15,13:30:20
2435.15,13:30:25
2435.15,13:30:31
2435.15,13:30:36
2435.15,13:30:41
2435.15,13:30:46
2435.15,13:30:51
2435.15,13:30:57
2434.0,13:31:02
2434.0,13:31:07
2434.0,13:31:12
2434.0,13:31:17
2434.0,13:31:23
2434.0,13:31:28
2434.0,13:31:33
2434.0,13:31:38
2434.0,13:31:43
2434.0,13:31:49
2434.0,13:31:54
2434.0,13:31:59
2434.0,13:32:04
2434.0,13:32:09
2434.0,13:32:15
2434.0,13:32:20
2434.0,13:32:25
2434.0,13:32:30
2434.0,13:32:35
2434.0,13:32:41
2434.0,13:32:46
2434.0,13:32:51
2433.95,13:32:56
2433.95,13:33:01
2433.95,13:33:07
2433.95,13:33:12
2433.95,13:33:17
2433.95,13:33:22
2433.95,13:33:28
2433.95,13:33:33
2433.95,13:33:38
2433.95,13:33:43
2433.95,13:33:48
2433.95,13:33:54
2433.95,13:33:59
2433.95,13:34:04
2433.95,13:34:09
2433.95,13:34:14
2433.95,13:34:20
2433.95,13:34:25
2433.95,13:34:30
2433.95,13:34:35
2433.4,13:34:40
2433.7,13:34:45
2433.7,13:34:51
2433.7,13:34:56
2433.7,13:35:01
2433.7,13:35:06
2433.7,13:35:11
2433.7,13:35:17
2433.7,13:35:22
2433.7,13:35:27
2433.7,13:35:32
2433.7,13:35:37
2433.7,13:35:43
2433.7,13:35:48
2433.7,13:35:53
2433.7,13:35:58
2433.7,13:36:03
2433.7,13:36:09
2433.7,13:36:14
2433.7,13:36:19
2433.7,13:36:24
2433.7,13:36:29
2433.7,13:36:34
2433.7,13:36:40
2433.7,13:36:45
2433.7,13:36:50
2433.7,13:36:55
2433.35,13:37:00
2433.35,13:37:06
2433.35,13:37:11
2433.35,13:37:16
2433.35,13:37:21
2433.35,13:37:26
2433.35,13:37:32
2433.35,13:37:37
2433.35,13:37:42
2433.35,13:37:47
2433.35,13:37:52
2433.35,13:37:58
2433.35,13:38:03
2433.35,13:38:08
2433.35,13:38:13
2433.35,13:38:18
2433.35,13:38:23
2433.35,13:38:29
2433.35,13:38:34
2433.25,13:38:39
2433.25,13:38:44
2433.25,13:38:49
2434.0,13:38:55
2434.0,13:39:00
2434.0,13:39:05
2434.0,13:39:10
2434.0,13:39:15
2434.0,13:39:21
2434.0,13:39:26
2434.0,13:39:31
2434.0,13:39:36
2434.0,13:39:41
2434.0,13:39:47
2434.0,13:39:52
2434.0,13:39:57
2434.0,13:40:02
2434.0,13:40:07
2434.0,13:40:13
2434.0,13:40:18
2434.0,13:40:23
2434.0,13:40:28
2434.0,13:40:33
2434.0,13:40:38
2434.0,13:40:44
2432.7,13:40:49
2432.7,13:40:54
2432.7,13:40:59
2432.7,13:41:04
2432.7,13:41:10
2432.7,13:41:15
2432.7,13:41:20
2432.7,13:41:25
2432.7,13:41:30
2432.7,13:41:36
2432.7,13:41:41
2432.7,13:41:46
2432.7,13:41:51
2432.7,13:41:56
2432.7,13:42:02
2432.7,13:42:07
2432.7,13:42:12
2432.7,13:42:17
2432.7,13:42:22
2432.7,13:42:28
2432.7,13:42:33
2432.7,13:42:38
2432.7,13:42:43
2434.05,13:42:48
2434.05,13:42:53
2434.05,13:42:59
2434.05,13:43:04
2434.05,13:43:09
2434.05,13:43:14
2434.05,13:43:19
2434.05,13:43:25
2434.05,13:43:30
2434.05,13:43:35
2434.05,13:43:40
2434.05,13:43:45
2434.05,13:43:51
2434.05,13:43:56
2434.05,13:44:01
2434.05,13:44:06
2434.05,13:44:11
2434.05,13:44:17
2434.05,13:44:22
2433.2,13:44:27
2433.2,13:44:32
2433.2,13:44:37
2433.2,13:44:42
2433.2,13:44:48
2433.2,13:44:53
2433.2,13:44:58
2433.2,13:45:03
2433.2,13:45:08
2433.2,13:45:14
2433.2,13:45:19
2433.2,13:45:24
2433.2,13:45:29
2433.2,13:45:35
2433.2,13:45:40
2433.2,13:45:45
2433.2,13:45:50
2433.2,13:45:55
2433.2,13:46:00
2433.2,13:46:06
2433.2,13:46:11
2433.2,13:46:16
2433.2,13:46:21
2434.65,13:46:26
2434.65,13:46:32
2434.65,13:46:37
2434.65,13:46:42
2434.65,13:46:47
2434.65,13:46:52
2434.65,13:46:58
2434.65,13:47:03
2434.65,13:47:08
2434.65,13:47:13
2434.65,13:47:18
2434.65,13:47:24
2434.65,13:47:29
2434.65,13:47:34
2434.65,13:47:39
2434.65,13:47:44
2434.65,13:47:50
2434.65,13:47:55
2434.65,13:48:00
2434.65,13:48:05
2434.9,13:48:10
2434.1,13:48:16
2434.1,13:48:21
2434.1,13:48:26
2434.1,13:48:31
2434.1,13:48:36
2434.1,13:48:42
2434.1,13:48:47
2434.1,13:48:52
2434.1,13:48:57
2434.1,13:49:02
2434.1,13:49:08
2434.1,13:49:13
2434.1,13:49:18
2434.1,13:49:23
2434.1,13:49:28
2434.1,13:49:34
2434.1,13:49:39
2434.1,13:49:44
2434.1,13:49:49
2434.1,13:49:54
2434.1,13:50:00
2434.1,13:50:05
2434.1,13:50:10
2434.0,13:50:15
2434.0,13:50:20
2434.0,13:50:26
2434.0,13:50:31
2434.0,13:50:36
2434.0,13:50:41
2434.0,13:50:46
2434.0,13:50:52
2434.0,13:50:57
2434.0,13:51:02
2434.0,13:51:07
2434.0,13:51:12
2434.0,13:51:18
2434.0,13:51:23
2434.0,13:51:28
2434.0,13:51:33
2434.0,13:51:39
2434.0,13:51:44
2434.0,13:51:49
2432.8,13:51:55
2432.8,13:52:00
2433.95,13:52:05
2433.95,13:52:10
2433.95,13:52:15
2433.95,13:52:21
2433.95,13:52:26
2433.95,13:52:31
2433.95,13:52:36
2433.95,13:52:41
2433.95,13:52:47
2433.95,13:52:52
2433.95,13:52:57
2433.95,13:53:02
2433.95,13:53:07
2433.95,13:53:13
2433.95,13:53:18
2433.95,13:53:23
2433.95,13:53:28
2433.95,13:53:33
2433.95,13:53:38
2433.95,13:53:44
2433.95,13:53:49
2433.95,13:53:54
2433.95,13:53:59
2433.95,13:54:04
2434.0,13:54:10
2434.0,13:54:15
2434.0,13:54:20
2434.0,13:54:25
2434.0,13:54:30
2434.0,13:54:36
2434.0,13:54:41
2434.0,13:54:46
2434.0,13:54:51
2434.0,13:54:56
2434.0,13:55:01
2434.0,13:55:07
2434.0,13:55:12
2434.0,13:55:17
2434.0,13:55:22
2434.2,13:55:27
2434.2,13:55:33
2434.2,13:55:38
2434.2,13:55:43
2434.2,13:55:48
2434.2,13:55:53
2433.8,13:55:59
2433.8,13:56:04
2433.8,13:56:09
2433.8,13:56:14
2433.8,13:56:19
2433.8,13:56:25
2433.8,13:56:30
2433.8,13:56:35
2433.8,13:56:40
2433.8,13:56:45
2433.8,13:56:50
2433.8,13:56:56
2433.8,13:57:01
2433.8,13:57:06
2433.8,13:57:11
2433.8,13:57:16
2433.8,13:57:22
2433.8,13:57:27
2433.8,13:57:32
2433.8,13:57:37
2433.8,13:57:42
2433.85,13:57:48
2433.85,13:57:53
2433.85,13:57:58
2433.85,13:58:03
2433.85,13:58:09
2433.85,13:58:14
2433.85,13:58:19
2433.85,13:58:24
2433.85,13:58:30
2433.85,13:58:35
2433.85,13:58:40
2433.85,13:58:45
2433.85,13:58:50
2433.85,13:58:55
2433.85,13:59:01
2433.85,13:59:06
2433.85,13:59:11
2433.85,13:59:16
2433.85,13:59:21
2433.85,13:59:26
2433.85,13:59:32
2433.85,13:59:37
2433.85,13:59:42
2433.85,13:59:47
2433.95,13:59:52
2433.95,13:59:58
2433.95,14:00:03
2433.95,14:00:08
2433.95,14:00:13
2433.95,14:00:18
2433.95,14:00:24
2433.95,14:00:29
2433.95,14:00:34
2433.95,14:00:39
2433.95,14:00:44
2433.95,14:00:50
2433.95,14:00:55
2433.95,14:01:00
2433.95,14:01:05
2433.95,14:01:10
2433.95,14:01:16
2433.95,14:01:21
2433.95,14:01:26
2433.95,14:01:31
2433.85,14:01:36
2433.85,14:01:42
2433.85,14:01:47
2433.85,14:01:52
2433.85,14:01:57
2433.85,14:02:02
2433.85,14:02:07
2433.85,14:02:13
2433.85,14:02:18
2433.85,14:02:23
2433.85,14:02:28
2433.85,14:02:33
2433.85,14:02:38
2433.85,14:02:44
2433.85,14:02:49
2433.85,14:02:54
2433.85,14:02:59
2433.85,14:03:04
2433.85,14:03:09
2433.85,14:03:15
2433.85,14:03:20
2433.85,14:03:25
2433.85,14:03:30
2433.85,14:03:35
2433.85,14:03:40
2433.95,14:03:46
2433.95,14:03:51
2433.95,14:03:56
2433.95,14:04:01
2433.95,14:04:06
2433.95,14:04:11
2433.95,14:04:17
2433.95,14:04:22
2433.95,14:04:27
2433.95,14:04:32
2433.95,14:04:37
2433.95,14:04:42
2433.95,14:04:47
2433.95,14:04:53
2433.95,14:04:58
2433.95,14:05:03
2433.95,14:05:08
2433.95,14:05:13
2433.95,14:05:19
2433.95,14:05:24
2433.95,14:05:29
2434.15,14:05:34
2434.15,14:05:39
2434.15,14:05:44
2434.15,14:05:50
2434.15,14:05:55
2434.15,14:06:00
2434.15,14:06:05
2434.15,14:06:10
2434.15,14:06:15
2434.15,14:06:21
2434.15,14:06:26
2434.15,14:06:31
2434.15,14:06:36
2434.15,14:06:41
2434.15,14:06:47
2434.15,14:06:52
2434.15,14:06:57
2434.15,14:07:02
2434.15,14:07:07
2434.15,14:07:12
2440.0,14:07:18
2440.0,14:07:23
2440.0,14:07:28
2440.0,14:07:33
2440.0,14:07:38
2440.0,14:07:43
2440.0,14:07:49
2440.0,14:07:54
2440.0,14:07:59
2440.0,14:08:04
2440.0,14:08:09
2440.0,14:08:15
2440.0,14:08:20
2440.0,14:08:25
2440.0,14:08:30
2440.0,14:08:35
2440.0,14:08:40
2440.0,14:08:46
2440.0,14:08:51
2440.0,14:08:56
2440.0,14:09:01
2440.0,14:09:06
2437.1,14:09:12
2437.1,14:09:17
2437.1,14:09:23
2437.1,14:09:32
2437.1,14:09:39
2437.1,14:09:44
2437.1,14:09:49
2437.1,14:09:54
2437.1,14:10:00
2437.1,14:10:05
2437.1,14:10:10
2437.1,14:10:15
2437.1,14:10:20
2437.1,14:10:26
2437.1,14:10:31
2437.1,14:10:36
2437.1,14:10:41
2437.1,14:10:46
2437.1,14:10:52
2437.95,14:10:58
2437.95,14:11:03
2437.95,14:11:08
2437.95,14:11:14
2437.95,14:11:19
2437.95,14:11:24
2437.95,14:11:29
2437.95,14:11:34
2437.95,14:11:39
2437.95,14:11:45
2437.95,14:11:50
2437.95,14:11:55
2437.95,14:12:01
2437.95,14:12:06
2437.95,14:12:11
2437.95,14:12:16
2437.95,14:12:21
2437.95,14:12:27
2437.95,14:12:32
2437.95,14:12:37
2437.95,14:12:43
2438.65,14:12:48
2438.65,14:12:53
2438.65,14:12:58
2438.65,14:13:03
2438.65,14:13:09
2438.65,14:13:14
2438.65,14:13:19
2438.65,14:13:24
2438.65,14:13:29
2438.65,14:13:35
2440.05,14:13:40
2440.05,14:13:45
2440.05,14:13:50
2440.05,14:13:55
2440.05,14:14:00
2440.05,14:14:06
2440.05,14:14:11
2440.05,14:14:16
2440.05,14:14:21
2440.05,14:14:26
2440.05,14:14:32
2440.05,14:14:37
2439.3,14:14:42
2439.3,14:14:48
2439.3,14:14:53
2439.3,14:14:58
2439.3,14:15:03
2439.3,14:15:08
2439.3,14:15:13
2436.95,14:15:19
2436.95,14:15:24
2436.95,14:15:29
2436.95,14:15:34
2436.95,14:15:39
2436.95,14:15:45
2436.95,14:15:50
2436.95,14:15:55
2436.95,14:16:00
2436.95,14:16:05
2436.95,14:16:10
2436.95,14:16:16
2436.95,14:16:21
2436.95,14:16:26
2436.95,14:16:31
2436.95,14:16:36
2436.95,14:16:42
2437.4,14:16:47
2437.4,14:16:52
2437.4,14:16:57
2437.4,14:17:02
2437.4,14:17:08
2437.4,14:17:13
2437.4,14:17:18
2437.4,14:17:23
2437.4,14:17:28
2437.4,14:17:34
2437.4,14:17:39
2437.4,14:17:44
2437.4,14:17:49
2437.4,14:17:54
2437.4,14:18:00
2437.4,14:18:05
2437.4,14:18:10
2437.4,14:18:15
2437.4,14:18:20
2437.4,14:18:26
2437.4,14:18:31
2437.4,14:18:36
2437.4,14:18:41
2437.4,14:18:46
2437.4,14:18:51
2439.25,14:18:57
2439.25,14:19:02
2439.25,14:19:07
2439.25,14:19:12
2439.25,14:19:18
2439.25,14:19:23
2439.25,14:19:28
2439.25,14:19:33
2439.25,14:19:38
2439.25,14:19:44
2439.25,14:19:49
2439.25,14:19:54
2439.25,14:19:59
2439.25,14:20:05
2439.25,14:20:10
2439.25,14:20:15
2439.25,14:20:20
2439.25,14:20:25
2439.25,14:20:31
2439.25,14:20:36
2439.85,14:20:41
2439.85,14:20:46
2439.85,14:20:51
2439.85,14:20:56
2439.85,14:21:02
2439.85,14:21:07
2439.85,14:21:12
2439.85,14:21:17
2439.85,14:21:22
2439.85,14:21:28
2439.85,14:21:33
2439.85,14:21:38
2439.85,14:21:43
2439.85,14:21:48
2439.85,14:21:54
2439.85,14:21:59
2439.85,14:22:04
2439.85,14:22:09
2439.85,14:22:15
2437.6,14:22:20
2437.6,14:22:25
2437.6,14:22:30
2437.6,14:22:35
2437.6,14:22:41
2437.6,14:22:46
2437.6,14:22:51
2437.6,14:22:56
2437.6,14:23:01
2437.6,14:23:07
2437.6,14:23:12
2437.6,14:23:17
2437.6,14:23:22
2437.6,14:23:27
2437.6,14:23:33
2437.6,14:23:38
2437.6,14:23:43
2437.6,14:23:48
2437.6,14:23:53
2437.6,14:23:59
2437.6,14:24:04
2437.6,14:24:09
2437.6,14:24:14
2437.6,14:24:19
2438.95,14:24:25
2438.95,14:24:30
2438.95,14:24:35
2438.95,14:24:40
2438.95,14:24:45
2438.95,14:24:51
2438.95,14:24:56
2438.95,14:25:01
2438.95,14:25:06
2438.95,14:25:11
2438.95,14:25:17
2438.95,14:25:22
2438.95,14:25:27
2438.95,14:25:32
2438.95,14:25:37
2438.95,14:25:43
2438.95,14:25:48
2438.95,14:25:53
2438.95,14:25:58
2438.95,14:26:03
2438.95,14:26:09
2438.95,14:26:14
2437.35,14:26:19
2437.35,14:26:24
2437.35,14:26:29
2437.35,14:26:34
2437.35,14:26:40
2437.35,14:26:45
2437.35,14:26:50
2437.35,14:26:55
2437.35,14:27:01
2437.35,14:27:06
2437.35,14:27:11
2437.35,14:27:16
2437.35,14:27:21
2437.35,14:27:26
2437.35,14:27:32
2437.35,14:27:37
2437.35,14:27:42
2437.35,14:27:47
2437.35,14:27:52
2437.35,14:27:57
2437.35,14:28:03
2434.6,14:28:08
2434.6,14:28:13
2434.6,14:28:18
2434.6,14:28:23
2434.6,14:28:29
2434.6,14:28:34
2434.6,14:28:39
2434.6,14:28:44
2434.6,14:28:49
2434.6,14:28:54
2434.6,14:29:00
2434.6,14:29:05
2434.6,14:29:10
2434.6,14:29:15
2434.6,14:29:20
2434.6,14:29:26
2434.6,14:29:31
2434.6,14:29:36
2434.6,14:29:41
2431.3,14:29:46
2431.3,14:29:52
2431.3,14:29:57
2431.3,14:30:02
2431.3,14:30:07
2431.3,14:30:12
2431.3,14:30:18
2431.3,14:30:23
2431.3,14:30:28
2431.3,14:30:33
2431.3,14:30:38
2431.3,14:30:43
2431.3,14:30:49
2431.3,14:30:54
2431.3,14:30:59
2431.3,14:31:04
2431.3,14:31:09
2431.3,14:31:15
2431.3,14:31:20
2431.3,14:31:25
2431.3,14:31:30
2430.15,14:31:35
2430.15,14:31:41
2430.15,14:31:46
2430.15,14:31:51
2430.15,14:31:56
2430.15,14:32:01
2430.15,14:32:06
2430.15,14:32:12
2430.15,14:32:17
2430.15,14:32:22
2430.15,14:32:27
2430.15,14:32:32
2430.15,14:32:37
2430.15,14:32:43
2430.15,14:32:48
2430.15,14:32:53
2430.15,14:32:58
2430.15,14:33:03
2430.15,14:33:09
2430.15,14:33:14
2431.5,14:33:19
2431.5,14:33:24
2431.5,14:33:29
2431.5,14:33:34
2431.5,14:33:40
2431.5,14:33:45
2431.5,14:33:50
2431.5,14:33:55
2431.5,14:34:00
2431.5,14:34:06
2431.5,14:34:11
2431.5,14:34:16
2431.5,14:34:21
2431.5,14:34:26
2431.5,14:34:32
2431.5,14:34:37
2431.5,14:34:42
2431.5,14:34:47
2431.5,14:34:52
2431.5,14:34:57
2431.5,14:35:03
2431.5,14:35:08
2431.5,14:35:13
2433.55,14:35:18
2433.55,14:35:23
2433.55,14:35:29
2433.55,14:35:34
2433.55,14:35:39
2433.55,14:35:44
2433.55,14:35:49
2433.55,14:35:54
2433.55,14:36:00
2433.55,14:36:05
2433.55,14:36:10
2433.55,14:36:15
2433.55,14:36:20
2433.55,14:36:26
2433.55,14:36:31
2433.55,14:36:36
2433.55,14:36:41
2433.55,14:36:46
2433.55,14:36:51
2433.55,14:36:57
2432.95,14:37:02
2432.95,14:37:07
2432.95,14:37:12
2432.95,14:37:17
2432.95,14:37:23
2432.95,14:37:28
2432.95,14:37:33
2432.95,14:37:38
2432.95,14:37:43
2433.25,14:37:49
2433.25,14:37:54
2433.25,14:37:59
2433.25,14:38:05
2433.25,14:38:10
2433.25,14:38:15
2433.25,14:38:20
2433.25,14:38:25
2433.25,14:38:31
2433.25,14:38:36
2433.25,14:38:41
2433.25,14:38:46
2433.25,14:38:51
2433.25,14:38:57
2433.25,14:39:02
2431.55,14:39:07
2431.55,14:39:12
2431.55,14:39:17
2431.55,14:39:22
2431.55,14:39:28
2431.55,14:39:33
2431.55,14:39:38
2431.55,14:39:43
2431.55,14:39:49
2431.55,14:39:54
2431.55,14:39:59
2431.55,14:40:04
2431.55,14:40:09
2431.55,14:40:14
2431.55,14:40:20
2431.55,14:40:26
2431.55,14:40:31
2431.55,14:40:37
2431.55,14:40:42
2431.55,14:40:47
2431.55,14:40:52
2431.55,14:40:57
2431.55,14:41:03
2431.55,14:41:08
2431.55,14:41:13
2431.55,14:41:18
2431.55,14:41:23
2431.55,14:41:29
2431.55,14:41:34
2431.55,14:41:39
2431.55,14:41:44
2431.55,14:41:49
2431.55,14:41:54
2431.55,14:42:00
2431.55,14:42:05
2431.55,14:42:10
2431.55,14:42:15
2431.55,14:42:20
2431.55,14:42:26
2431.55,14:42:31
2431.55,14:42:36
2431.55,14:42:41
2430.15,14:42:46
2430.15,14:42:52
2433.0,14:42:57
2433.0,14:43:02
2433.0,14:43:07
2433.0,14:43:12
2433.0,14:43:18
2433.0,14:43:23
2433.0,14:43:28
2433.0,14:43:33
2433.0,14:43:38
2433.0,14:43:43
2433.0,14:43:49
2433.0,14:43:54
2433.0,14:43:59
2433.0,14:44:04
2433.0,14:44:09
2433.0,14:44:15
2433.0,14:44:20
2433.0,14:44:25
2433.0,14:44:30
2433.0,14:44:35
2433.0,14:44:41
2433.0,14:44:46
2433.0,14:44:51
2433.0,14:44:56
2432.85,14:45:02
2432.85,14:45:07
2432.85,14:45:12
2432.85,14:45:17
2432.85,14:45:22
2432.85,14:45:28
2431.05,14:45:33
2431.05,14:45:39
2431.05,14:45:44
2431.05,14:45:49
2431.05,14:45:54
2431.05,14:46:00
2431.05,14:46:05
2431.05,14:46:10
2431.05,14:46:15
2431.05,14:46:20
2431.05,14:46:26
2431.05,14:46:31
2431.05,14:46:36
2431.05,14:46:41
2431.05,14:46:46
2431.05,14:46:52
2431.05,14:46:57
2431.05,14:47:02
2430.9,14:47:07
2430.9,14:47:13
2430.9,14:47:18
2430.9,14:47:23
2430.9,14:47:28
2430.9,14:47:33
2430.9,14:47:38
2430.9,14:47:44
2430.9,14:47:49
2430.9,14:47:54
2430.9,14:47:59
2430.9,14:48:04
2430.9,14:48:10
2430.9,14:48:15
2430.9,14:48:20
2430.9,14:48:25
2430.9,14:48:30
2430.9,14:48:36
2430.9,14:48:41
2430.9,14:48:46
2430.9,14:48:51
2430.05,14:48:56
2430.05,14:49:02
2430.05,14:49:07
2430.05,14:49:12
2430.05,14:49:17
2430.05,14:49:22
2430.05,14:49:28
2430.05,14:49:33
2430.05,14:49:38
2430.05,14:49:43
2430.05,14:49:48
2430.05,14:49:54
2430.05,14:49:59
2430.05,14:50:04
2430.05,14:50:09
2430.05,14:50:14
2430.05,14:50:20
2430.05,14:50:25
2430.05,14:50:30
2430.5,14:50:35
2430.05,14:50:40
2426.35,14:50:46
2426.35,14:50:51
2426.35,14:50:56
2426.35,14:51:01
2426.35,14:51:06
2426.35,14:51:12
2426.35,14:51:17
2426.35,14:51:22
2426.35,14:51:27
2426.35,14:51:33
2426.35,14:51:38
2426.35,14:51:43
2426.35,14:51:48
2426.35,14:51:53
2426.35,14:51:59
2426.35,14:52:04
2426.35,14:52:10
2426.35,14:52:15
2426.35,14:52:20
2426.35,14:52:26
2426.35,14:52:31
2427.75,14:52:36
2430.0,14:52:41
2430.0,14:52:46
2430.0,14:52:52
2430.0,14:52:57
2430.0,14:53:02
2430.0,14:53:07
2430.0,14:53:12
2430.0,14:53:17
2430.0,14:53:23
2430.0,14:53:28
2430.0,14:53:33
2430.0,14:53:38
2430.0,14:53:43
2430.0,14:53:49
2430.0,14:53:54
2430.0,14:53:59
2430.0,14:54:04
2430.0,14:54:09
2430.0,14:54:15
2430.0,14:54:20
2430.0,14:54:25
2430.95,14:54:30
2430.95,14:54:36
2430.95,14:54:41
2430.95,14:54:46
2430.95,14:54:51
2430.95,14:54:57
2430.95,14:55:02
2430.95,14:55:07
2430.95,14:55:12
2430.95,14:55:17
2430.95,14:55:23
2430.95,14:55:28
2430.95,14:55:33
2430.95,14:55:38
2430.95,14:55:43
2430.95,14:55:49
2430.95,14:55:54
2430.95,14:55:59
2430.95,14:56:04
2430.95,14:56:09
2430.95,14:56:14
2430.95,14:56:20
2430.95,14:56:25
2429.95,14:56:30
2429.95,14:56:35
2429.95,14:56:40
2429.95,14:56:46
2429.95,14:56:51
2429.95,14:56:56
2429.95,14:57:01
2429.95,14:57:06
2429.95,14:57:12
2429.95,14:57:17
2429.95,14:57:22
2429.95,14:57:27
2429.95,14:57:32
2429.95,14:57:37
2429.95,14:57:43
2429.95,14:57:48
2429.95,14:57:53
2429.95,14:57:58
2429.95,14:58:03
2429.9,14:58:09
2429.9,14:58:14
2429.9,14:58:19
2429.9,14:58:24
2429.95,14:58:29
2429.95,14:58:35
2429.95,14:58:40
2429.95,14:58:45
2429.95,14:58:50
2429.95,14:58:55
2429.95,14:59:00
2429.95,14:59:06
2429.95,14:59:11
2429.95,14:59:16
2429.95,14:59:21
2429.95,14:59:26
2429.95,14:59:32
2429.95,14:59:37
2429.95,14:59:42
2428.65,14:59:47
2428.65,14:59:52
2428.65,14:59:57
2428.65,15:00:03
2428.65,15:00:08
2428.65,15:00:13
2431.8,15:00:18
2431.8,15:00:23
2433.95,15:00:29
2431.8,15:00:34
2431.8,15:00:39
2431.8,15:00:44
2431.8,15:00:49
2431.8,15:00:54
2431.8,15:01:00
2431.8,15:01:05
2431.8,15:01:10
2431.8,15:01:15
2431.8,15:01:20
2431.8,15:01:26
2431.8,15:01:31
2431.8,15:01:36
2431.8,15:01:41
2431.8,15:01:46
2431.8,15:01:52
2431.8,15:01:57
2433.95,15:02:02
2431.8,15:02:07
2431.8,15:02:12
2433.4,15:02:18
2433.4,15:02:23
2433.4,15:02:28
2433.4,15:02:33
2433.4,15:02:38
2433.4,15:02:44
2433.4,15:02:49
2433.4,15:02:54
2433.4,15:02:59
2433.4,15:03:04
2433.4,15:03:10
2433.4,15:03:15
2433.4,15:03:20
2433.4,15:03:25
2433.4,15:03:30
2433.4,15:03:35
2433.4,15:03:41
2433.4,15:03:46
2433.4,15:03:51
2433.4,15:03:56
2433.4,15:04:01
2434.4,15:04:07
2434.4,15:04:12
2434.4,15:04:17
2434.4,15:04:22
2434.4,15:04:27
2434.4,15:04:33
2434.4,15:04:38
2434.4,15:04:43
2434.4,15:04:48
2434.4,15:04:53
2434.4,15:04:59
2434.4,15:05:06
2434.4,15:05:11
2434.4,15:05:16
2434.4,15:05:21
2434.4,15:05:27
2434.4,15:05:32
2434.4,15:05:37
2434.4,15:05:42
2433.05,15:05:47
2433.05,15:05:53
2433.05,15:05:58
2433.05,15:06:03
2433.05,15:06:08
2433.05,15:06:13
2433.05,15:06:19
2433.05,15:06:24
2433.05,15:06:29
2433.05,15:06:34
2433.05,15:06:39
2433.05,15:06:45
2433.05,15:06:50
2433.05,15:06:55
2433.05,15:07:00
2433.05,15:07:05
2433.05,15:07:11
2433.05,15:07:16
2433.05,15:07:21
2433.05,15:07:26
2433.05,15:07:31
2433.05,15:07:37
2433.05,15:07:42
2434.0,15:07:47
2434.0,15:07:52
2434.0,15:07:57
2434.0,15:08:02
2434.0,15:08:08
2434.0,15:08:13
2434.0,15:08:18
2434.0,15:08:23
2434.0,15:08:28
2434.0,15:08:34
2434.0,15:08:39
2434.0,15:08:44
2434.0,15:08:49
2434.0,15:08:54
2434.0,15:09:00
2434.0,15:09:05
2434.0,15:09:10
2434.0,15:09:15
2434.0,15:09:20
2434.0,15:09:26
2434.0,15:09:31
2434.0,15:09:36
2434.0,15:09:41
2432.8,15:09:46
2432.8,15:09:52
2432.8,15:09:57
2432.8,15:10:02
2432.8,15:10:07
2432.8,15:10:12
2432.8,15:10:18
2432.8,15:10:23
2432.8,15:10:29
2432.8,15:10:34
2432.8,15:10:40
2432.8,15:10:45
2432.8,15:10:50
2432.8,15:10:55
2432.8,15:11:00
2432.8,15:11:06
2432.8,15:11:11
2432.8,15:11:16
2432.8,15:11:21
2432.8,15:11:26
2432.8,15:11:32
2430.55,15:11:37
2430.55,15:11:42
2430.55,15:11:47
2430.55,15:11:52
2430.55,15:11:58
2430.55,15:12:03
2430.55,15:12:08
2430.55,15:12:13
2430.55,15:12:18
2430.55,15:12:23
2430.55,15:12:29
